dataset,budget,repeats,method,dimension,metric,reference_coverage_q10_mean,reference_coverage_q10_ci_low,reference_coverage_q10_ci_high,reference_enrichment_q10_mean,reference_exact_recall_mean,reference_mean_nearest_sample_distance_mean,reference_mean_nearest_sample_distance_ci_low,reference_mean_nearest_sample_distance_ci_high,coverage_radius_mean
alcohol,60,20,random,2,euclidean,0.1211864406779661,0.1008474576271186,0.1423728813559322,1.2118644067796611,0.0033898305084745,0.7798238223090541,0.7357982117376952,0.8220427395151655,1.2256520914448088
alcohol,60,20,cvt,2,euclidean,0.0771186440677966,0.0627118644067796,0.0906779661016949,0.771186440677966,0.0,0.7887591771744804,0.7718022287269112,0.8040030102323398,0.8450462867869017
alcohol,60,20,scopemap_hd,2,euclidean,0.0771186440677966,0.0661016949152542,0.0898305084745762,0.771186440677966,0.0,1.0024783422771988,0.9556326030797304,1.050122201539286,1.059467624574238
alcohol,60,20,fps,2,euclidean,0.1186440677966101,0.0966101694915254,0.1398305084745763,1.1864406779661016,0.0042372881355932,1.4060883891788094,1.3370239113757347,1.470371992334139,1.480332788008745
alcohol,60,20,kennard_stone,2,euclidean,0.1864406779661017,0.1864406779661017,0.1864406779661017,1.8644067796610169,0.0,1.2595524848216746,1.2595524848216746,1.2595524848216746,1.4934744374988862
alcohol,60,20,ward,2,euclidean,0.0338983050847457,0.0338983050847457,0.0338983050847457,0.3389830508474576,0.0,0.8493148672123827,0.8493148672123827,0.8493148672123827,0.8648432919504467
alcohol,60,20,random,64,euclidean,0.2161016949152542,0.197457627118644,0.2347457627118644,2.1610169491525424,0.0008474576271186,10.765161800280165,10.6100085148796,10.903894816295791,14.834371707353789
alcohol,60,20,cvt,64,euclidean,0.3,0.2847457627118644,0.3152542372881356,3.0,0.0254237288135593,9.094046616346048,9.010866772374737,9.182549087062013,12.762106614166676
alcohol,60,20,scopemap_hd,64,euclidean,0.3127118644067796,0.2991525423728813,0.326271186440678,3.1271186440677967,0.0152542372881355,9.380601699311269,9.311702554264546,9.442420350267687,14.016003986205964
alcohol,60,20,fps,64,euclidean,0.1822033898305084,0.1194915254237288,0.2508474576271186,1.8220338983050848,0.0,20.968342531576887,18.61520302347568,23.55643739313569,23.179151792786037
alcohol,60,20,kennard_stone,64,euclidean,0.0338983050847457,0.0338983050847457,0.0338983050847457,0.3389830508474576,0.0,32.55406451763293,32.55406451763293,32.55406451763293,31.762009584392835
alcohol,60,20,ward,64,euclidean,0.3559322033898305,0.3559322033898305,0.3559322033898305,3.559322033898306,0.0508474576271186,8.931022784076735,8.931022784076735,8.931022784076735,12.78238839557111
alcohol,60,20,random,128,euclidean,0.2677966101694916,0.2440677966101695,0.2949152542372881,2.6779661016949152,0.0025423728813559,14.025462708892448,13.75108041087076,14.30615108033301,19.489410566530303
alcohol,60,20,cvt,128,euclidean,0.3296610169491525,0.3194915254237288,0.3398305084745762,3.296610169491525,0.0364406779661016,11.634478213935894,11.502054473747815,11.779433202974616,17.31078901197698
alcohol,60,20,scopemap_hd,128,euclidean,0.3525423728813559,0.335593220338983,0.3686440677966102,3.5254237288135584,0.0491525423728813,11.233951753369944,11.121698447365684,11.347916944971455,18.183219606132216
alcohol,60,20,fps,128,euclidean,0.2483050847457627,0.2025211864406779,0.2915254237288135,2.483050847457627,0.0,25.30499232135768,22.017246517913936,28.89841219227901,28.83893615797744
alcohol,60,20,kennard_stone,128,euclidean,0.0677966101694915,0.0677966101694915,0.0677966101694915,0.6779661016949152,0.0,44.24582181096166,44.24582181096166,44.24582181096166,44.16027109729116
alcohol,60,20,ward,128,euclidean,0.3389830508474576,0.3389830508474576,0.3389830508474576,3.389830508474576,0.0169491525423728,11.616001044636908,11.616001044636908,11.616001044636908,17.3440303726291
alcohol,60,20,random,full,euclidean,0.3822033898305084,0.3728813559322034,0.3915254237288136,3.822033898305085,0.0016949152542372,27.526127894078105,27.02121173808149,28.01526667492399,35.68933927487123
alcohol,60,20,cvt,full,euclidean,0.3991525423728813,0.3898305084745762,0.4093220338983051,3.991525423728813,0.0245762711864406,23.08285163107368,22.9578511620043,23.223470777420395,32.443508545515336
alcohol,60,20,scopemap_hd,full,euclidean,0.4466101694915253,0.4389830508474576,0.4533898305084746,4.466101694915253,0.0288135593220339,22.18646725693943,22.095765171699185,22.277833678425743,32.880395536280616
alcohol,60,20,fps,full,euclidean,0.4093220338983051,0.3881355932203389,0.4296610169491526,4.093220338983051,0.0,42.77631112259333,38.40366251331197,47.85321978574066,48.22954619031878
alcohol,60,20,kennard_stone,full,euclidean,0.288135593220339,0.288135593220339,0.288135593220339,2.88135593220339,0.0,71.80218273241765,71.80218273241765,71.80218273241765,73.57640992041593
alcohol,60,20,ward,full,euclidean,0.4406779661016949,0.4406779661016949,0.4406779661016949,4.40677966101695,0.0169491525423728,23.07274332662443,23.07274332662443,23.07274332662443,32.64286345679311
alcohol,60,20,random,tanimoto,tanimoto,0.0567796610169491,0.0457627118644067,0.068665254237288,0.5677966101694915,0.0,0.6149941150561039,0.6077379575510466,0.6228896211494217,0.603416909861378
alcohol,60,20,cvt,tanimoto,tanimoto,0.1186440677966101,0.1186440677966101,0.1186440677966101,1.1864406779661014,0.0,0.5757235549511448,0.5757235549511448,0.5757235549511448,0.6062278240451204
alcohol,60,20,scopemap_hd,tanimoto,tanimoto,0.1694915254237288,0.1694915254237288,0.1694915254237288,1.6949152542372878,0.0,0.6262126176841832,0.6262126176841832,0.6262126176841832,0.6354519554849721
alcohol,60,20,fps,tanimoto,tanimoto,0.109322033898305,0.0966101694915254,0.1212076271186439,1.0932203389830508,0.0,0.6648250013034415,0.6618068162741118,0.6677030002596216,0.6701673586501355
alcohol,60,20,kennard_stone,tanimoto,tanimoto,0.1008474576271186,0.0991525423728813,0.1016949152542372,1.0084745762711864,0.0,0.6728177212256738,0.671457487467457,0.6741779549838904,0.6751803613997543
alcohol,60,20,ward,tanimoto,tanimoto,0.1186440677966101,0.1186440677966101,0.1186440677966101,1.1864406779661014,0.0,0.5757235549511448,0.5757235549511448,0.5757235549511448,0.6062278240451204
thiol,21,20,random,2,euclidean,0.1472222222222222,0.1027777777777777,0.1944444444444444,1.472222222222222,0.0,1.6060089526639665,1.4750847307049757,1.7439842279586557,1.7946896373658845
thiol,21,20,cvt,2,euclidean,0.2166666666666666,0.1833333333333333,0.2527777777777777,2.166666666666667,0.0,1.0505036612108944,1.0194765404912995,1.0796240582869945,1.2262570462328986
thiol,21,20,scopemap_hd,2,euclidean,0.0666666666666666,0.0388888888888888,0.0944444444444444,0.6666666666666666,0.0,1.2338466843600808,1.1813974666422966,1.2917709465947471,1.5352775155099223
thiol,21,20,fps,2,euclidean,0.0916666666666666,0.0499305555555555,0.1361805555555552,0.9166666666666664,0.0,2.023393575356145,1.9200142874503696,2.134899863072992,1.9774598060963795
thiol,21,20,kennard_stone,2,euclidean,0.0555555555555555,0.0555555555555555,0.0555555555555555,0.5555555555555555,0.0,2.1851779325914875,2.1851779325914875,2.1851779325914875,2.013597143535838
thiol,21,20,ward,2,euclidean,0.3333333333333332,0.3333333333333332,0.3333333333333332,3.333333333333333,0.0,0.9189347748556704,0.9189347748556704,0.9189347748556704,1.277573362124447
thiol,21,20,random,64,euclidean,0.111111111111111,0.0888888888888888,0.1333333333333333,1.1111111111111112,0.0,15.066660586450388,14.71386010031519,15.38858810260593,17.193905537810636
thiol,21,20,cvt,64,euclidean,0.125,0.1166666666666666,0.1361111111111111,1.25,0.0,10.681027133837176,10.552255335531258,10.80268521762725,15.00729207294954
thiol,21,20,scopemap_hd,64,euclidean,0.1638888888888889,0.15,0.175,1.6388888888888888,0.0,11.46832086254724,11.297442902106354,11.619813940060377,15.523140230205325
thiol,21,20,fps,64,euclidean,0.1333333333333333,0.1027777777777777,0.1694444444444444,1.3333333333333337,0.0,22.229248034560936,20.432751938959186,24.22226954442632,23.39521580360522
thiol,21,20,kennard_stone,64,euclidean,0.1666666666666666,0.1666666666666666,0.1666666666666666,1.6666666666666667,0.0,34.304847734953775,34.304847734953775,34.304847734953775,34.91093427514016
thiol,21,20,ward,64,euclidean,0.1666666666666666,0.1666666666666666,0.1666666666666666,1.6666666666666667,0.0,10.985031599255793,10.985031599255793,10.985031599255793,15.104378727096975
thiol,21,20,random,128,euclidean,0.1388888888888889,0.1055555555555555,0.1749999999999999,1.3888888888888886,0.0,18.579459918898955,18.102590417171434,18.98324118756852,22.056693339239565
thiol,21,20,cvt,128,euclidean,0.2472222222222222,0.2249999999999999,0.2722222222222222,2.4722222222222223,0.0,12.840614152043049,12.68196008326928,12.985614385923318,19.70637710555896
thiol,21,20,scopemap_hd,128,euclidean,0.2361111111111111,0.211111111111111,0.2611111111111111,2.3611111111111107,0.0,13.485404713812596,13.149538891280974,13.819075600531482,19.94368781869342
thiol,21,20,fps,128,euclidean,0.15,0.1277777777777777,0.1722222222222222,1.5,0.0,25.86092141293355,23.91243913900348,28.19613379451009,28.22382532300129
thiol,21,20,kennard_stone,128,euclidean,0.2777777777777778,0.2777777777777778,0.2777777777777778,2.7777777777777777,0.0,42.13101608507988,42.13101608507988,42.13101608507988,43.76653795313136
thiol,21,20,ward,128,euclidean,0.1666666666666666,0.1666666666666666,0.1666666666666666,1.6666666666666667,0.0,14.465951521152988,14.465951521152988,14.465951521152988,19.792398335293875
thiol,21,20,random,full,euclidean,0.3333333333333333,0.3027083333333332,0.3666666666666666,3.333333333333333,0.0,31.790308331253595,30.870197661666417,32.58194733677419,38.31026513741278
thiol,21,20,cvt,full,euclidean,0.3083333333333333,0.2861111111111111,0.3388888888888889,3.083333333333333,0.0027777777777777,26.623573029753675,26.39260090205444,26.83907373927857,34.24552164285294
thiol,21,20,scopemap_hd,full,euclidean,0.3694444444444444,0.3361111111111111,0.4028472222222219,3.694444444444444,0.0,25.151003551708943,24.57899245442475,25.7370781897879,34.294677050786206
thiol,21,20,fps,full,euclidean,0.375,0.3416666666666667,0.4055555555555556,3.749999999999999,0.0,42.85866675198367,40.66817907246216,45.49614612402993,47.56896125429688
thiol,21,20,kennard_stone,full,euclidean,0.5555555555555556,0.5555555555555556,0.5555555555555556,5.555555555555555,0.0,58.01534551595686,58.01534551595686,58.01534551595686,61.70405384225302
thiol,21,20,ward,full,euclidean,0.3333333333333332,0.3333333333333332,0.3333333333333332,3.333333333333333,0.0,24.93070594787013,24.93070594787013,24.93070594787013,34.50343497769789
thiol,21,20,random,tanimoto,tanimoto,0.111111111111111,0.0861111111111111,0.1388888888888888,1.1111111111111112,0.0,0.6840800986909704,0.6745918592024702,0.693839979585093,0.6802047998706227
thiol,21,20,cvt,tanimoto,tanimoto,0.1111111111111111,0.1111111111111111,0.1111111111111111,1.111111111111111,0.0,0.6114026100878092,0.6114026100878092,0.6114026100878092,0.6479503535743819
thiol,21,20,scopemap_hd,tanimoto,tanimoto,0.1666666666666666,0.1666666666666666,0.1666666666666666,1.6666666666666667,0.0,0.6723431620642184,0.6723431620642184,0.6723431620642184,0.6981155694626759
thiol,21,20,fps,tanimoto,tanimoto,0.2083333333333333,0.175,0.2416666666666666,2.083333333333333,0.0,0.6769290354447992,0.6657704256050917,0.6874857403071899,0.7133612272403432
thiol,21,20,kennard_stone,tanimoto,tanimoto,0.2166666666666666,0.1972222222222222,0.2361111111111111,2.1666666666666665,0.0,0.6601152794396385,0.6550535047945669,0.6647399149422181,0.7050458625877916
thiol,21,20,ward,tanimoto,tanimoto,0.1111111111111111,0.1111111111111111,0.1111111111111111,1.111111111111111,0.0,0.6114026100878092,0.6114026100878092,0.6114026100878092,0.6479503535743819
oxo_carboxide,21,20,random,2,euclidean,0.0527777777777777,0.0305555555555555,0.0777777777777777,0.5277777777777777,0.0,1.2638913391171067,1.1729827504590555,1.360087144640872,1.758088525516468
oxo_carboxide,21,20,cvt,2,euclidean,0.0638888888888889,0.0472222222222222,0.0778472222222218,0.6388888888888887,0.0,1.0087491028798157,0.9868388439048196,1.0287888071698197,1.0812150542635233
oxo_carboxide,21,20,scopemap_hd,2,euclidean,0.1111111111111111,0.0888888888888888,0.1333333333333333,1.1111111111111112,0.0,1.288085482386692,1.2284286071754225,1.3465654543021104,1.4183361305382804
oxo_carboxide,21,20,fps,2,euclidean,0.1333333333333333,0.0999305555555555,0.1722916666666663,1.3333333333333337,0.0,1.899524601867204,1.790363416308365,2.011716666875301,1.982402791500188
oxo_carboxide,21,20,kennard_stone,2,euclidean,0.0555555555555555,0.0555555555555555,0.0555555555555555,0.5555555555555555,0.0,2.0008652557000977,2.0008652557000977,2.0008652557000977,1.9358404481666285
oxo_carboxide,21,20,ward,2,euclidean,0.0555555555555555,0.0555555555555555,0.0555555555555555,0.5555555555555555,0.0,1.1581013101661837,1.1581013101661837,1.1581013101661837,1.124284374766281
oxo_carboxide,21,20,random,64,euclidean,0.1027777777777777,0.0777777777777777,0.1416666666666666,1.0277777777777777,0.0,17.391810126957942,16.709700937594462,18.015480645452534,18.168308391225
oxo_carboxide,21,20,cvt,64,euclidean,0.1138888888888888,0.1027777777777777,0.125,1.1388888888888888,0.0,14.547943096671004,14.399199796268306,14.70636412705975,15.604149584005246
oxo_carboxide,21,20,scopemap_hd,64,euclidean,0.1194444444444444,0.1111111111111111,0.1277777777777778,1.1944444444444442,0.0,14.61910192507536,14.33331779263164,14.93055572159273,16.402891422059177
oxo_carboxide,21,20,fps,64,euclidean,0.0805555555555555,0.05,0.1138888888888889,0.8055555555555556,0.0,25.499548559905325,23.517475315483345,27.72926509577404,25.11367549725825
oxo_carboxide,21,20,kennard_stone,64,euclidean,0.0555555555555555,0.0555555555555555,0.0555555555555555,0.5555555555555555,0.0,34.15782812555083,34.15782812555083,34.15782812555083,33.273518671631216
oxo_carboxide,21,20,ward,64,euclidean,0.0555555555555555,0.0555555555555555,0.0555555555555555,0.5555555555555555,0.0,14.38472369328198,14.38472369328198,14.38472369328198,15.73799001543882
oxo_carboxide,21,20,random,128,euclidean,0.1777777777777777,0.1333333333333333,0.2305555555555555,1.7777777777777777,0.0,21.60735657159041,20.615230001665655,22.54076721057096,23.55305575928234
oxo_carboxide,21,20,cvt,128,euclidean,0.1194444444444444,0.1111111111111111,0.1333333333333333,1.1944444444444442,0.0,19.03389506285644,18.59082960752581,19.327113462788187,20.70503733481443
oxo_carboxide,21,20,scopemap_hd,128,euclidean,0.1111111111111111,0.1111111111111111,0.1111111111111111,1.111111111111111,0.0,19.60489080707004,19.337867296924184,19.868987102463965,21.418903978242216
oxo_carboxide,21,20,fps,128,euclidean,0.0722222222222222,0.0527777777777777,0.0916666666666666,0.7222222222222221,0.0,30.84845564719505,28.509671149444163,33.4292452563308,31.122715623190725
oxo_carboxide,21,20,kennard_stone,128,euclidean,0.0555555555555555,0.0555555555555555,0.0555555555555555,0.5555555555555555,0.0,41.81988395551313,41.81988395551313,41.81988395551313,41.61714564997315
oxo_carboxide,21,20,ward,128,euclidean,0.1111111111111111,0.1111111111111111,0.1111111111111111,1.111111111111111,0.0,19.62374615712917,19.62374615712917,19.62374615712917,20.87270944705397
oxo_carboxide,21,20,random,full,euclidean,0.1861111111111111,0.1666666666666666,0.2083333333333333,1.8611111111111107,0.0,37.22018370648188,36.55033604482165,37.90451831580571,38.38624146166463
oxo_carboxide,21,20,cvt,full,euclidean,0.1833333333333333,0.1666666666666666,0.2083333333333333,1.8333333333333333,0.0,31.75634542754609,31.24238186517438,32.18422782497752,33.93622889730152
oxo_carboxide,21,20,scopemap_hd,full,euclidean,0.1694444444444444,0.1666666666666666,0.175,1.6944444444444442,0.0,32.46092498993944,32.25434082133303,32.66539044220819,34.18035871670936
oxo_carboxide,21,20,fps,full,euclidean,0.2444444444444444,0.2194444444444444,0.2722222222222222,2.444444444444444,0.0,46.33748095717211,43.89976271169145,48.89057026049792,47.089221681264
oxo_carboxide,21,20,kennard_stone,full,euclidean,0.1666666666666666,0.1666666666666666,0.1666666666666666,1.6666666666666667,0.0,57.42156745367036,57.42156745367036,57.42156745367036,57.81094278219515
oxo_carboxide,21,20,ward,full,euclidean,0.3333333333333332,0.3333333333333332,0.3333333333333332,3.333333333333333,0.0,28.50205304923565,28.50205304923565,28.50205304923565,33.67690326934595
oxo_carboxide,21,20,random,tanimoto,tanimoto,0.1,0.05,0.1555555555555555,1.0,0.0,0.6376798757807892,0.6201766360606913,0.6545484724126431,0.6372660860463109
oxo_carboxide,21,20,cvt,tanimoto,tanimoto,0.1111111111111111,0.1111111111111111,0.1111111111111111,1.111111111111111,0.0,0.6202456191384546,0.6202456191384546,0.6202456191384546,0.6168996921724541
oxo_carboxide,21,20,scopemap_hd,tanimoto,tanimoto,0.0555555555555555,0.0555555555555555,0.0555555555555555,0.5555555555555555,0.0,0.6435138267568518,0.6435138267568518,0.6435138267568518,0.6510732562783706
oxo_carboxide,21,20,fps,tanimoto,tanimoto,0.1833333333333333,0.1222222222222221,0.2555555555555555,1.8333333333333333,0.0,0.6470185593361325,0.6269769418288643,0.6668369763672245,0.6797800347204223
oxo_carboxide,21,20,kennard_stone,tanimoto,tanimoto,0.1111111111111111,0.1111111111111111,0.1111111111111111,1.111111111111111,0.0,0.6606501291110276,0.6606501291110276,0.6606501291110276,0.6888158291178209
oxo_carboxide,21,20,ward,tanimoto,tanimoto,0.1111111111111111,0.1111111111111111,0.1111111111111111,1.111111111111111,0.0,0.6202456191384546,0.6202456191384546,0.6202456191384546,0.6168996921724541
styrene,21,20,random,2,euclidean,0.1428571428571428,0.0999999999999999,0.1892857142857142,1.4285714285714286,0.0,0.8131280993539912,0.7183988247599166,0.912775587678476,1.7048365126199556
styrene,21,20,cvt,2,euclidean,0.1035714285714285,0.0678571428571428,0.1392857142857143,1.0357142857142854,0.0,0.7475009978563407,0.7196542485802102,0.77396437249998,0.9909913326722414
styrene,21,20,scopemap_hd,2,euclidean,0.0964285714285714,0.0499999999999999,0.1465178571428566,0.964285714285714,0.0,0.6865628130343155,0.6637432670980392,0.7125138858457265,1.274308304066954
styrene,21,20,fps,2,euclidean,0.0571428571428571,0.0285714285714285,0.0928571428571428,0.5714285714285714,0.0,1.9512252343135776,1.7428783545960098,2.1619637541028256,1.818755235140279
styrene,21,20,kennard_stone,2,euclidean,0.0714285714285714,0.0714285714285714,0.0714285714285714,0.7142857142857141,0.0,2.482453336414319,2.482453336414319,2.482453336414319,2.160376882986093
styrene,21,20,ward,2,euclidean,0.2142857142857142,0.2142857142857142,0.2142857142857142,2.1428571428571432,0.0,0.7867415151437902,0.7867415151437902,0.7867415151437902,1.0034117744409952
styrene,21,20,random,64,euclidean,0.2821428571428571,0.2,0.360803571428571,2.821428571428571,0.0,17.961143414930852,16.9246166145103,18.769641803744985,18.55945504086779
styrene,21,20,cvt,64,euclidean,0.6464285714285714,0.6035714285714285,0.6857142857142856,6.464285714285715,0.0,9.148640832439712,7.525020221452223,10.762152907424154,16.471383479553747
styrene,21,20,scopemap_hd,64,euclidean,0.5964285714285713,0.5464285714285714,0.6428571428571428,5.964285714285714,0.0,13.62708377122438,12.35571994443157,14.58281563644888,16.984181982467227
styrene,21,20,fps,64,euclidean,0.3428571428571429,0.2571428571428572,0.4357142857142856,3.4285714285714284,0.0,17.173967593710124,14.740437573195436,20.04850098041323,23.675806372391907
styrene,21,20,kennard_stone,64,euclidean,0.1428571428571428,0.1428571428571428,0.1428571428571428,1.4285714285714282,0.0,31.31748216348555,31.31748216348555,31.31748216348555,35.391513015047266
styrene,21,20,ward,64,euclidean,0.7142857142857142,0.7142857142857142,0.7142857142857142,7.1428571428571415,0.0,6.233210031632703,6.233210031632703,6.233210031632703,16.54299642535698
styrene,21,20,random,128,euclidean,0.4214285714285714,0.3785714285714285,0.4607142857142857,4.2142857142857135,0.0,21.98259316644559,21.517164885931688,22.476945003494357,24.530094986763977
styrene,21,20,cvt,128,euclidean,0.7750000000000001,0.7535714285714287,0.7964285714285715,7.75,0.0,12.505715641795936,10.704705645138988,14.306679385696452,21.884939087015727
styrene,21,20,scopemap_hd,128,euclidean,0.7607142857142859,0.7428571428571428,0.7785714285714287,7.607142857142858,0.0,14.5064859983465,13.190710439494715,15.42014947256742,22.292458318469635
styrene,21,20,fps,128,euclidean,0.5714285714285714,0.5035714285714286,0.6428571428571428,5.714285714285714,0.0,22.96310284758396,19.98592046495133,26.387682524702832,31.54501001259835
styrene,21,20,kennard_stone,128,euclidean,0.2857142857142857,0.2857142857142857,0.2857142857142857,2.8571428571428563,0.0,37.36535324822641,37.36535324822641,37.36535324822641,43.40534842692004
styrene,21,20,ward,128,euclidean,0.7857142857142858,0.7857142857142858,0.7857142857142858,7.857142857142857,0.0,8.973820863179208,8.973820863179208,8.973820863179208,21.958494520391017
styrene,21,20,random,full,euclidean,0.5107142857142857,0.485625,0.5392857142857143,5.107142857142857,0.0,33.875170499722515,32.742618855725894,34.90622591693948,36.759999670544936
styrene,21,20,cvt,full,euclidean,0.6714285714285714,0.6571428571428571,0.6857142857142856,6.7142857142857135,0.0,22.87446931930709,21.2091519401386,24.37854088309455,33.148000902031136
styrene,21,20,scopemap_hd,full,euclidean,0.7071428571428571,0.6928571428571427,0.7214285714285713,7.071428571428571,0.0,22.04378578516564,20.985430248696517,22.84129134533401,33.59483180322363
styrene,21,20,fps,full,euclidean,0.6107142857142855,0.567767857142857,0.6571428571428573,6.107142857142856,0.0,36.11924614720344,33.94339925340249,38.388658544351486,44.86773224684892
styrene,21,20,kennard_stone,full,euclidean,0.7142857142857142,0.7142857142857142,0.7142857142857142,7.1428571428571415,0.0,45.86099693410587,45.86099693410587,45.86099693410587,53.65994904112968
styrene,21,20,ward,full,euclidean,0.7142857142857142,0.7142857142857142,0.7142857142857142,7.1428571428571415,0.0,18.800097169601845,18.800097169601845,18.800097169601845,33.01664258778404
styrene,21,20,random,tanimoto,tanimoto,0.0857142857142857,0.0571428571428571,0.1142857142857142,0.857142857142857,0.0,0.6361846406590214,0.6256214606992772,0.646238721873043,0.6201302177479469
styrene,21,20,cvt,tanimoto,tanimoto,0.1428571428571428,0.1428571428571428,0.1428571428571428,1.4285714285714282,0.0,0.5356066145173587,0.5356066145173587,0.5356066145173587,0.588464143909332
styrene,21,20,scopemap_hd,tanimoto,tanimoto,0.2142857142857142,0.2142857142857142,0.2142857142857142,2.1428571428571432,0.0,0.4923514386428356,0.4923514386428356,0.4923514386428356,0.6181002248322155
styrene,21,20,fps,tanimoto,tanimoto,0.1642857142857142,0.1357142857142857,0.1892857142857143,1.6428571428571423,0.0,0.6161350535139947,0.611359774941753,0.6209514156141464,0.6506007280450685
styrene,21,20,kennard_stone,tanimoto,tanimoto,0.1428571428571428,0.1428571428571428,0.1428571428571428,1.4285714285714282,0.0,0.6268025712203982,0.6268025712203982,0.6268025712203982,0.6507269815036067
styrene,21,20,ward,tanimoto,tanimoto,0.1428571428571428,0.1428571428571428,0.1428571428571428,1.4285714285714282,0.0,0.5356066145173587,0.5356066145173587,0.5356066145173587,0.588464143909332
