dataset,budget,repeats,method,dimension,failure_recall_mean,failure_recall_ci_low,failure_recall_ci_high,failure_cluster_coverage_mean,failure_cluster_coverage_ci_low,failure_cluster_coverage_ci_high,boundary_coverage_mean,boundary_coverage_ci_low,boundary_coverage_ci_high,boundary_enrichment_mean,boundary_enrichment_ci_low,boundary_enrichment_ci_high,coverage_radius_mean,coverage_radius_ci_low,coverage_radius_ci_high
aldol,40,10,random,2,0.0340136054421768,0.0272108843537415,0.0421768707482993,0.4,0.325,0.4875,0.0395604395604395,0.0358974358974358,0.0428571428571428,1.0790109890109891,0.979102564102564,1.168928571428571,1.0254144398931953,0.8160774103326933,1.257741264169388
aldol,40,10,cvt,2,0.0639455782312925,0.0564625850340135,0.073469387755102,0.625,0.575,0.675,0.012087912087912,0.0076923076923076,0.0164835164835164,0.3296978021978022,0.2098076923076923,0.4595787545787546,0.4434439721173726,0.4403144604528922,0.4463941992747439
aldol,40,10,weighted_itr_cvt,2,0.0408163265306122,0.0387755102040816,0.0428571428571428,0.5,0.4625,0.5375,0.0124542124542124,0.0084249084249084,0.0161172161172161,0.3396886446886447,0.2397802197802197,0.4296062271062271,0.7224179862414515,0.7151952991270244,0.7298885775904853
aldol,40,10,fps,2,0.0768707482993197,0.0707482993197278,0.0836734693877551,0.7375,0.6875,0.7875,0.0032967032967032,0.0021978021978021,0.0043956043956043,0.0899175824175824,0.0599450549450549,0.1198901098901099,0.8389483748850856,0.8069257162280772,0.8710705212719916
aldol,40,10,kennard_stone,2,0.0816326530612244,0.0816326530612244,0.0816326530612244,0.75,0.75,0.75,0.0,0.0,0.0,0.0,0.0,0.0,0.854793707951735,0.854793707951735,0.854793707951735
aldol,40,10,ward,2,0.0748299319727891,0.0748299319727891,0.0748299319727891,0.75,0.75,0.75,0.0146520146520146,0.0146520146520146,0.0146520146520146,0.3996336996336996,0.3996336996336996,0.3996336996336996,0.4395001943742204,0.4395001943742204,0.4395001943742204
aldol,40,10,repulsive_fps,2,0.0687074829931972,0.0551020408163265,0.0829931972789115,0.7,0.625,0.7878124999999983,0.0058608058608058,0.0025641025641025,0.0102564102564102,0.1598534798534798,0.0699358974358974,0.2797435897435897,1.2474307469275736,1.1853357335666586,1.3158757441795426
aldol,40,10,random,64,0.0312925170068027,0.0204081632653061,0.0421768707482993,0.2875,0.1875,0.4,0.0402930402930402,0.0355311355311355,0.0457875457875457,1.098992673992674,0.9691117216117217,1.238864468864469,16.358142173372677,16.287019724870767,16.437178926399405
aldol,40,10,cvt,64,0.0394557823129251,0.0346768707482993,0.0448979591836734,0.6,0.55,0.65,0.0329670329670329,0.03003663003663,0.0355311355311355,0.8991758241758241,0.819249084249084,0.9691117216117217,14.586072833237711,14.557608059022236,14.61456106869655
aldol,40,10,weighted_itr_cvt,64,0.0401360544217687,0.0360544217687074,0.0442176870748299,0.4875,0.4625,0.5,0.0681318681318681,0.0648351648351648,0.0717948717948717,1.8582967032967035,1.7683791208791206,1.9681959706959704,15.274963083996614,15.23669264156714,15.317685877783372
aldol,40,10,fps,64,0.0952380952380952,0.092517006802721,0.0979591836734693,1.0,1.0,1.0,0.0025641025641025,0.001098901098901,0.004029304029304,0.0699358974358974,0.0299725274725274,0.1098992673992674,21.870162681927685,20.13797685801021,23.860840088839545
aldol,40,10,kennard_stone,64,0.0952380952380952,0.0952380952380952,0.0952380952380952,1.0,1.0,1.0,0.0,0.0,0.0,0.0,0.0,0.0,28.13474889794328,28.13474889794328,28.13474889794328
aldol,40,10,ward,64,0.0408163265306122,0.0408163265306122,0.0408163265306122,0.625,0.625,0.625,0.0256410256410256,0.0256410256410256,0.0256410256410256,0.6993589743589744,0.6993589743589743,0.6993589743589743,14.608840053729232,14.608840053729232,14.608840053729232
aldol,40,10,repulsive_fps,64,0.0925170068027211,0.0829931972789115,0.1006802721088435,0.975,0.9375,1.0,0.001098901098901,0.0,0.0021978021978021,0.0299725274725274,0.0,0.0599450549450549,23.037031572047827,20.996554391151022,24.92866289510619
aldol,40,10,random,128,0.0387755102040816,0.0299319727891156,0.0476190476190476,0.3875,0.3,0.475,0.0388278388278388,0.0347893772893772,0.0435897435897435,1.0590293040293042,0.9491300366300364,1.1889102564102565,22.13260759590751,22.028083466493868,22.2352919534761
aldol,40,10,cvt,128,0.0374149659863945,0.0299319727891156,0.0442176870748299,0.55,0.4375,0.65,0.0413919413919413,0.0366300366300366,0.0461538461538461,1.1289652014652014,1.0090750915750917,1.258846153846154,20.30237280749852,20.273245221144435,20.333454886057087
aldol,40,10,weighted_itr_cvt,128,0.0346938775510204,0.0299319727891156,0.0387755102040816,0.5125,0.425,0.6,0.0732600732600732,0.0692307692307692,0.0772893772893772,1.9981684981684984,1.8882692307692304,2.118058608058608,20.58036745085009,20.550850980149303,20.61042075535641
aldol,40,10,fps,128,0.0782312925170068,0.0741496598639455,0.0829931972789115,0.975,0.9375,1.0,0.001098901098901,0.0,0.0021978021978021,0.0299725274725274,0.0,0.0599450549450549,28.52989476658264,26.007757181032105,31.198547577721744
aldol,40,10,kennard_stone,128,0.0884353741496598,0.0884353741496598,0.0884353741496598,1.0,1.0,1.0,0.0,0.0,0.0,0.0,0.0,0.0,37.5075946942357,37.5075946942357,37.5075946942357
aldol,40,10,ward,128,0.0408163265306122,0.0408163265306122,0.0408163265306122,0.75,0.75,0.75,0.0293040293040293,0.0293040293040293,0.0293040293040293,0.7992673992673993,0.7992673992673993,0.7992673992673993,20.34342414224624,20.34342414224624,20.34342414224624
aldol,40,10,repulsive_fps,128,0.0863945578231292,0.083673469387755,0.0891156462585033,0.975,0.9375,1.0,0.0007326007326007,0.0,0.0018315018315018,0.0199816849816849,0.0,0.0499542124542124,30.566850440937777,27.55557923604236,33.84873185502932
aldol,40,10,random,full,0.0312925170068027,0.0217687074829932,0.0394557823129251,0.25,0.1875,0.3125,0.038095238095238,0.0322344322344322,0.0435897435897435,1.039047619047619,0.8891849816849817,1.1889102564102565,37.10906373494617,36.792250649943504,37.44497177203888
aldol,40,10,cvt,full,0.0312925170068027,0.0238095238095238,0.0374149659863945,0.35,0.275,0.425,0.0578754578754578,0.0531135531135531,0.0619047619047619,1.5785531135531137,1.4386813186813188,1.6984432234432234,35.18438163350512,35.14373207403873,35.23006635581641
aldol,40,10,weighted_itr_cvt,full,0.0333333333333333,0.027891156462585,0.0387755102040816,0.5,0.45,0.55,0.0956043956043956,0.0893772893772893,0.1010989010989011,2.6076098901098903,2.44775641025641,2.787445054945055,35.19665116746197,35.17434037603268,35.22086365269356
aldol,40,10,fps,full,0.0768707482993197,0.0721088435374149,0.0816326530612245,0.625,0.625,0.625,0.0003663003663003,0.0,0.001098901098901,0.0099908424908424,0.0,0.0299725274725274,43.17214375613538,42.02241399075929,44.35174769204948
aldol,40,10,kennard_stone,full,0.0884353741496598,0.0884353741496598,0.0884353741496598,0.625,0.625,0.625,0.0,0.0,0.0,0.0,0.0,0.0,51.21250327949183,51.21250327949183,51.21250327949183
aldol,40,10,ward,full,0.0476190476190476,0.0476190476190476,0.0476190476190476,0.625,0.625,0.625,0.0293040293040293,0.0293040293040293,0.0293040293040293,0.7992673992673993,0.7992673992673993,0.7992673992673993,35.20039456247706,35.20039456247706,35.20039456247706
aldol,40,10,repulsive_fps,full,0.0877551020408163,0.0850340136054421,0.0904761904761904,0.625,0.625,0.625,0.0003663003663003,0.0,0.001098901098901,0.0099908424908424,0.0,0.0299725274725274,45.17740957522539,42.94524066018349,47.43468088445832
aldol,40,10,random,tanimoto,0.0312925170068027,0.0224489795918367,0.0394557823129251,0.3875,0.275,0.5,0.0364963503649635,0.0313868613138686,0.0408759124087591,0.9954379562043796,0.8560766423357664,1.1148905109489051,0.544203331076402,0.5410412826970864,0.5472155199783025
aldol,40,10,cvt,tanimoto,0.0612244897959183,0.0612244897959183,0.0612244897959183,0.5,0.5,0.5,0.0328467153284671,0.0328467153284671,0.0328467153284671,0.8958941605839413,0.8958941605839413,0.8958941605839413,0.5449079494987177,0.5449079494987178,0.5449079494987178
aldol,40,10,weighted_itr_cvt,tanimoto,0.0544217687074829,0.0544217687074829,0.0544217687074829,0.5,0.5,0.5,0.0547445255474452,0.0547445255474452,0.0547445255474452,1.4931569343065694,1.4931569343065694,1.4931569343065694,0.5551446310853032,0.5551446310853032,0.5551446310853032
aldol,40,10,fps,tanimoto,0.0578231292517006,0.0482993197278911,0.0659863945578231,0.6375,0.525,0.75,0.0127737226277372,0.0105839416058394,0.014963503649635,0.3484032846715328,0.28867700729927,0.4081295620437956,0.5905050240751585,0.5865656849410796,0.5937750839209589
aldol,40,10,kennard_stone,tanimoto,0.0612244897959183,0.0612244897959183,0.0612244897959183,0.5,0.5,0.5,0.0218978102189781,0.0218978102189781,0.0218978102189781,0.5972627737226277,0.5972627737226277,0.5972627737226277,0.5917252481013221,0.5917252481013221,0.5917252481013221
aldol,40,10,ward,tanimoto,0.0612244897959183,0.0612244897959183,0.0612244897959183,0.5,0.5,0.5,0.0328467153284671,0.0328467153284671,0.0328467153284671,0.8958941605839413,0.8958941605839413,0.8958941605839413,0.5449079494987177,0.5449079494987178,0.5449079494987178
aldol,40,10,repulsive_fps,tanimoto,0.0517006802721088,0.0435374149659864,0.0598639455782312,0.7125,0.6125,0.8,0.0138686131386861,0.0091240875912408,0.018978102189781,0.3782664233576642,0.2488594890510949,0.5076733576642336,0.5996908231140086,0.5926764043605338,0.6056400476267173
cobalt_condition1,12,20,random,2,0.2085714285714285,0.1828571428571428,0.2299999999999999,0.525,0.45,0.5875,0.1966666666666666,0.1533333333333333,0.24,0.9833333333333334,0.75,1.2,2.3707929608848417,2.193297149577664,2.547746486534298
cobalt_condition1,12,20,cvt,2,0.1485714285714285,0.1428571428571428,0.1571428571428571,0.8,0.7625,0.85,0.13,0.1233333333333333,0.1333333333333333,0.65,0.6166666666666665,0.6666666666666665,0.734375066666372,0.728153724916748,0.7417689562869669
cobalt_condition1,12,20,weighted_itr_cvt,2,0.1699999999999999,0.1657142857142856,0.1742857142857142,1.0,1.0,1.0,0.0033333333333333,0.0,0.01,0.0166666666666666,0.0,0.05,1.050256818216,1.0319679515385285,1.068141142840573
cobalt_condition1,12,20,fps,2,0.1857142857142857,0.18,0.1914285714285714,1.0,1.0,1.0,0.0333333333333333,0.0199999999999999,0.0466666666666666,0.1666666666666666,0.0999999999999999,0.2333333333333333,1.0732245700379237,1.0396403412718074,1.1108285189929423
cobalt_condition1,12,20,kennard_stone,2,0.1714285714285714,0.1714285714285714,0.1714285714285714,1.0,1.0,1.0,0.0666666666666666,0.0666666666666666,0.0666666666666666,0.3333333333333333,0.3333333333333332,0.3333333333333332,1.0515986603189538,1.051598660318954,1.051598660318954
cobalt_condition1,12,20,ward,2,0.2,0.2,0.2,0.75,0.75,0.75,0.1333333333333333,0.1333333333333333,0.1333333333333333,0.6666666666666666,0.6666666666666665,0.6666666666666665,0.7153376660609491,0.715337666060949,0.715337666060949
cobalt_condition1,12,20,repulsive_fps,2,0.1428571428571428,0.1314285714285714,0.1542857142857142,0.975,0.9375,1.0,0.03,0.0166666666666666,0.0433333333333333,0.15,0.0833333333333333,0.2166666666666666,1.4053694101566312,1.3371853215362814,1.4749546858087443
cobalt_condition1,12,20,random,8,0.2071428571428571,0.1871071428571428,0.2271428571428571,0.35,0.3,0.4,0.2233333333333333,0.1866666666666666,0.2599999999999999,1.1166666666666667,0.9166666666666664,1.3,7.139740191981284,6.902529080215396,7.37757799690967
cobalt_condition1,12,20,cvt,8,0.1914285714285714,0.1857142857142857,0.1971428571428572,1.0,1.0,1.0,0.0833333333333333,0.0733333333333333,0.0966666666666666,0.4166666666666666,0.35,0.4833333333333333,4.361796647612854,4.33656211352927,4.387706036563101
cobalt_condition1,12,20,weighted_itr_cvt,8,0.18,0.1714285714285714,0.1885714285714285,1.0,1.0,1.0,0.1233333333333333,0.11,0.1366666666666667,0.6166666666666666,0.5499999999999998,0.6833333333333332,4.489974771846825,4.440609829356634,4.542729720080944
cobalt_condition1,12,20,fps,8,0.1785714285714285,0.1699999999999999,0.1871428571428571,1.0,1.0,1.0,0.0233333333333333,0.01,0.0366666666666666,0.1166666666666666,0.05,0.1833333333333333,6.558244369650372,5.969222224947616,7.194975366182208
cobalt_condition1,12,20,kennard_stone,8,0.1714285714285714,0.1714285714285714,0.1714285714285714,1.0,1.0,1.0,0.0,0.0,0.0,0.0,0.0,0.0,7.481627294331039,7.481627294331041,7.481627294331041
cobalt_condition1,12,20,ward,8,0.1714285714285714,0.1714285714285714,0.1714285714285714,1.0,1.0,1.0,0.0666666666666666,0.0666666666666666,0.0666666666666666,0.3333333333333333,0.3333333333333332,0.3333333333333332,4.468216101394634,4.468216101394633,4.468216101394633
cobalt_condition1,12,20,repulsive_fps,8,0.1614285714285714,0.15,0.1728571428571428,1.0,1.0,1.0,0.0066666666666666,0.0,0.0166666666666666,0.0333333333333333,0.0,0.0833333333333333,7.728890930538053,7.0982005818628,8.394349226397347
cobalt_condition1,12,20,random,16,0.1985714285714285,0.1828571428571428,0.2142857142857142,0.4375,0.3625,0.525,0.1866666666666666,0.1533333333333333,0.22,0.9333333333333332,0.7666666666666667,1.1,11.189900146176392,10.982642009083367,11.377047773050574
cobalt_condition1,12,20,cvt,16,0.1685714285714285,0.1614285714285714,0.1771428571428571,1.0,1.0,1.0,0.0966666666666666,0.0833333333333333,0.11,0.4833333333333333,0.4166666666666666,0.55,8.534144721850776,8.459284641969704,8.632702167701547
cobalt_condition1,12,20,weighted_itr_cvt,16,0.1628571428571428,0.1514285714285714,0.1757142857142857,0.975,0.9375,1.0,0.1466666666666666,0.1366666666666666,0.16,0.7333333333333333,0.6833333333333332,0.7999999999999999,8.89826765190448,8.822790012699762,8.986355336147819
cobalt_condition1,12,20,fps,16,0.2028571428571428,0.1942857142857143,0.2114285714285714,1.0,1.0,1.0,0.02,0.0066666666666666,0.0333333333333333,0.1,0.0333333333333333,0.1666666666666666,14.941560723814144,12.700874747438894,17.329029727579062
cobalt_condition1,12,20,kennard_stone,16,0.2,0.2,0.2,1.0,1.0,1.0,0.0,0.0,0.0,0.0,0.0,0.0,21.964320936442427,21.96432093644243,21.96432093644243
cobalt_condition1,12,20,ward,16,0.2,0.2,0.2,1.0,1.0,1.0,0.0666666666666666,0.0666666666666666,0.0666666666666666,0.3333333333333333,0.3333333333333332,0.3333333333333332,8.482318345386094,8.482318345386094,8.482318345386094
cobalt_condition1,12,20,repulsive_fps,16,0.1985714285714285,0.1885714285714285,0.2085714285714285,1.0,1.0,1.0,0.0166666666666666,0.0066666666666666,0.03,0.0833333333333333,0.0333333333333333,0.15,15.234688210894708,13.123101676811014,17.386243906145737
cobalt_condition1,12,20,random,full,0.1914285714285714,0.1714285714285714,0.21,0.4,0.325,0.475,0.1833333333333333,0.1433333333333333,0.2266666666666667,0.9166666666666666,0.7166666666666667,1.1333333333333333,22.268422762297742,21.750248968348444,22.82087893815611
cobalt_condition1,12,20,cvt,full,0.1714285714285714,0.1599999999999999,0.1857142857142857,0.8625,0.8125,0.9125,0.0933333333333333,0.08,0.1066666666666666,0.4666666666666666,0.3999999999999999,0.5333333333333333,19.397408073250887,19.32571749799836,19.473182021857248
cobalt_condition1,12,20,weighted_itr_cvt,full,0.1771428571428571,0.1642857142857142,0.1914285714285714,0.7625,0.7125,0.8125,0.1833333333333333,0.1566666666666666,0.21,0.9166666666666666,0.7833333333333332,1.0666666666666664,19.882514963551397,19.765814038569538,20.008758101069592
cobalt_condition1,12,20,fps,full,0.2114285714285714,0.2014285714285714,0.2214285714285714,1.0,1.0,1.0,0.0233333333333333,0.01,0.0366666666666666,0.1166666666666666,0.05,0.1833333333333333,25.72611409744369,24.321548029877867,27.163368047511995
cobalt_condition1,12,20,kennard_stone,full,0.2,0.2,0.2,1.0,1.0,1.0,0.0,0.0,0.0,0.0,0.0,0.0,30.746961537448364,30.74696153744836,30.74696153744836
cobalt_condition1,12,20,ward,full,0.1714285714285714,0.1714285714285714,0.1714285714285714,0.75,0.75,0.75,0.0666666666666666,0.0666666666666666,0.0666666666666666,0.3333333333333333,0.3333333333333332,0.3333333333333332,19.25034302919073,19.25034302919073,19.25034302919073
cobalt_condition1,12,20,repulsive_fps,full,0.2042857142857142,0.1928571428571428,0.2157142857142857,0.9875,0.9625,1.0,0.0133333333333333,0.0033333333333333,0.0266666666666666,0.0666666666666666,0.0166666666666666,0.1333333333333333,26.683989537224583,25.590460049073197,27.8030410902777
cobalt_condition1,12,20,random,tanimoto,0.1914285714285714,0.1714285714285714,0.2114285714285714,0.725,0.675,0.7875,0.19375,0.15625,0.23125,0.96875,0.796875,1.140625,0.5437293727088492,0.5376140158410667,0.5502722155198494
cobalt_condition1,12,20,cvt,tanimoto,0.1428571428571428,0.1428571428571428,0.1428571428571428,0.75,0.75,0.75,0.1875,0.1875,0.1875,0.9375,0.9375,0.9375,0.4928728904050203,0.4928728904050204,0.4928728904050204
cobalt_condition1,12,20,weighted_itr_cvt,tanimoto,0.1714285714285714,0.1714285714285714,0.1714285714285714,0.75,0.75,0.75,0.25,0.25,0.25,1.25,1.25,1.25,0.4913591468428002,0.4913591468428002,0.4913591468428002
cobalt_condition1,12,20,fps,tanimoto,0.2142857142857142,0.2057142857142857,0.2228571428571428,0.875,0.825,0.925,0.11875,0.09375,0.14375,0.59375,0.46875,0.71875,0.5517425538016217,0.5469692149016893,0.5565580667183745
cobalt_condition1,12,20,kennard_stone,tanimoto,0.2,0.2,0.2,1.0,1.0,1.0,0.0625,0.0625,0.0625,0.3125,0.3125,0.3125,0.5594577933368808,0.5594577933368808,0.5594577933368808
cobalt_condition1,12,20,ward,tanimoto,0.1428571428571428,0.1428571428571428,0.1428571428571428,0.75,0.75,0.75,0.1875,0.1875,0.1875,0.9375,0.9375,0.9375,0.4928728904050203,0.4928728904050204,0.4928728904050204
cobalt_condition1,12,20,repulsive_fps,tanimoto,0.2028571428571428,0.19,0.2157499999999998,0.825,0.775,0.875,0.1625,0.1375,0.1875,0.8125,0.703125,0.9375,0.5581636692082916,0.5546400521562432,0.5616162595749422
cobalt_threshold1,12,20,random,2,0.2085714285714285,0.1828571428571428,0.2299999999999999,0.525,0.45,0.5875,0.1966666666666666,0.1533333333333333,0.24,0.9833333333333334,0.75,1.2,2.3707929608848417,2.193297149577664,2.547746486534298
cobalt_threshold1,12,20,cvt,2,0.1485714285714285,0.1428571428571428,0.1571428571428571,0.8,0.7625,0.85,0.13,0.1233333333333333,0.1333333333333333,0.65,0.6166666666666665,0.6666666666666665,0.734375066666372,0.728153724916748,0.7417689562869669
cobalt_threshold1,12,20,weighted_itr_cvt,2,0.1699999999999999,0.1657142857142856,0.1742857142857142,1.0,1.0,1.0,0.0033333333333333,0.0,0.01,0.0166666666666666,0.0,0.05,1.050256818216,1.0319679515385285,1.068141142840573
cobalt_threshold1,12,20,fps,2,0.1857142857142857,0.18,0.1914285714285714,1.0,1.0,1.0,0.0333333333333333,0.0199999999999999,0.0466666666666666,0.1666666666666666,0.0999999999999999,0.2333333333333333,1.0732245700379237,1.0396403412718074,1.1108285189929423
cobalt_threshold1,12,20,kennard_stone,2,0.1714285714285714,0.1714285714285714,0.1714285714285714,1.0,1.0,1.0,0.0666666666666666,0.0666666666666666,0.0666666666666666,0.3333333333333333,0.3333333333333332,0.3333333333333332,1.0515986603189538,1.051598660318954,1.051598660318954
cobalt_threshold1,12,20,ward,2,0.2,0.2,0.2,0.75,0.75,0.75,0.1333333333333333,0.1333333333333333,0.1333333333333333,0.6666666666666666,0.6666666666666665,0.6666666666666665,0.7153376660609491,0.715337666060949,0.715337666060949
cobalt_threshold1,12,20,repulsive_fps,2,0.1428571428571428,0.1314285714285714,0.1542857142857142,0.975,0.9375,1.0,0.03,0.0166666666666666,0.0433333333333333,0.15,0.0833333333333333,0.2166666666666666,1.4053694101566312,1.3371853215362814,1.4749546858087443
cobalt_threshold1,12,20,random,8,0.2071428571428571,0.1871071428571428,0.2271428571428571,0.35,0.3,0.4,0.2233333333333333,0.1866666666666666,0.2599999999999999,1.1166666666666667,0.9166666666666664,1.3,7.139740191981284,6.902529080215396,7.37757799690967
cobalt_threshold1,12,20,cvt,8,0.1914285714285714,0.1857142857142857,0.1971428571428572,1.0,1.0,1.0,0.0833333333333333,0.0733333333333333,0.0966666666666666,0.4166666666666666,0.35,0.4833333333333333,4.361796647612854,4.33656211352927,4.387706036563101
cobalt_threshold1,12,20,weighted_itr_cvt,8,0.18,0.1714285714285714,0.1885714285714285,1.0,1.0,1.0,0.1233333333333333,0.11,0.1366666666666667,0.6166666666666666,0.5499999999999998,0.6833333333333332,4.489974771846825,4.440609829356634,4.542729720080944
cobalt_threshold1,12,20,fps,8,0.1785714285714285,0.1699999999999999,0.1871428571428571,1.0,1.0,1.0,0.0233333333333333,0.01,0.0366666666666666,0.1166666666666666,0.05,0.1833333333333333,6.558244369650372,5.969222224947616,7.194975366182208
cobalt_threshold1,12,20,kennard_stone,8,0.1714285714285714,0.1714285714285714,0.1714285714285714,1.0,1.0,1.0,0.0,0.0,0.0,0.0,0.0,0.0,7.481627294331039,7.481627294331041,7.481627294331041
cobalt_threshold1,12,20,ward,8,0.1714285714285714,0.1714285714285714,0.1714285714285714,1.0,1.0,1.0,0.0666666666666666,0.0666666666666666,0.0666666666666666,0.3333333333333333,0.3333333333333332,0.3333333333333332,4.468216101394634,4.468216101394633,4.468216101394633
cobalt_threshold1,12,20,repulsive_fps,8,0.1614285714285714,0.15,0.1728571428571428,1.0,1.0,1.0,0.0066666666666666,0.0,0.0166666666666666,0.0333333333333333,0.0,0.0833333333333333,7.728890930538053,7.0982005818628,8.394349226397347
cobalt_threshold1,12,20,random,16,0.1985714285714285,0.1828571428571428,0.2142857142857142,0.4375,0.3625,0.525,0.1866666666666666,0.1533333333333333,0.22,0.9333333333333332,0.7666666666666667,1.1,11.189900146176392,10.982642009083367,11.377047773050574
cobalt_threshold1,12,20,cvt,16,0.1685714285714285,0.1614285714285714,0.1771428571428571,1.0,1.0,1.0,0.0966666666666666,0.0833333333333333,0.11,0.4833333333333333,0.4166666666666666,0.55,8.534144721850776,8.459284641969704,8.632702167701547
cobalt_threshold1,12,20,weighted_itr_cvt,16,0.1628571428571428,0.1514285714285714,0.1757142857142857,0.975,0.9375,1.0,0.1466666666666666,0.1366666666666666,0.16,0.7333333333333333,0.6833333333333332,0.7999999999999999,8.89826765190448,8.822790012699762,8.986355336147819
cobalt_threshold1,12,20,fps,16,0.2028571428571428,0.1942857142857143,0.2114285714285714,1.0,1.0,1.0,0.02,0.0066666666666666,0.0333333333333333,0.1,0.0333333333333333,0.1666666666666666,14.941560723814144,12.700874747438894,17.329029727579062
cobalt_threshold1,12,20,kennard_stone,16,0.2,0.2,0.2,1.0,1.0,1.0,0.0,0.0,0.0,0.0,0.0,0.0,21.964320936442427,21.96432093644243,21.96432093644243
cobalt_threshold1,12,20,ward,16,0.2,0.2,0.2,1.0,1.0,1.0,0.0666666666666666,0.0666666666666666,0.0666666666666666,0.3333333333333333,0.3333333333333332,0.3333333333333332,8.482318345386094,8.482318345386094,8.482318345386094
cobalt_threshold1,12,20,repulsive_fps,16,0.1985714285714285,0.1885714285714285,0.2085714285714285,1.0,1.0,1.0,0.0166666666666666,0.0066666666666666,0.03,0.0833333333333333,0.0333333333333333,0.15,15.234688210894708,13.123101676811014,17.386243906145737
cobalt_threshold1,12,20,random,full,0.1914285714285714,0.1714285714285714,0.21,0.4,0.325,0.475,0.1833333333333333,0.1433333333333333,0.2266666666666667,0.9166666666666666,0.7166666666666667,1.1333333333333333,22.268422762297742,21.750248968348444,22.82087893815611
cobalt_threshold1,12,20,cvt,full,0.1714285714285714,0.1599999999999999,0.1857142857142857,0.8625,0.8125,0.9125,0.0933333333333333,0.08,0.1066666666666666,0.4666666666666666,0.3999999999999999,0.5333333333333333,19.397408073250887,19.32571749799836,19.473182021857248
cobalt_threshold1,12,20,weighted_itr_cvt,full,0.1771428571428571,0.1642857142857142,0.1914285714285714,0.7625,0.7125,0.8125,0.1833333333333333,0.1566666666666666,0.21,0.9166666666666666,0.7833333333333332,1.0666666666666664,19.882514963551397,19.765814038569538,20.008758101069592
cobalt_threshold1,12,20,fps,full,0.2114285714285714,0.2014285714285714,0.2214285714285714,1.0,1.0,1.0,0.0233333333333333,0.01,0.0366666666666666,0.1166666666666666,0.05,0.1833333333333333,25.72611409744369,24.321548029877867,27.163368047511995
cobalt_threshold1,12,20,kennard_stone,full,0.2,0.2,0.2,1.0,1.0,1.0,0.0,0.0,0.0,0.0,0.0,0.0,30.746961537448364,30.74696153744836,30.74696153744836
cobalt_threshold1,12,20,ward,full,0.1714285714285714,0.1714285714285714,0.1714285714285714,0.75,0.75,0.75,0.0666666666666666,0.0666666666666666,0.0666666666666666,0.3333333333333333,0.3333333333333332,0.3333333333333332,19.25034302919073,19.25034302919073,19.25034302919073
cobalt_threshold1,12,20,repulsive_fps,full,0.2042857142857142,0.1928571428571428,0.2157142857142857,0.9875,0.9625,1.0,0.0133333333333333,0.0033333333333333,0.0266666666666666,0.0666666666666666,0.0166666666666666,0.1333333333333333,26.683989537224583,25.590460049073197,27.8030410902777
cobalt_threshold1,12,20,random,tanimoto,0.1914285714285714,0.1714285714285714,0.2114285714285714,0.725,0.675,0.7875,0.19375,0.15625,0.23125,0.96875,0.796875,1.140625,0.5437293727088492,0.5376140158410667,0.5502722155198494
cobalt_threshold1,12,20,cvt,tanimoto,0.1428571428571428,0.1428571428571428,0.1428571428571428,0.75,0.75,0.75,0.1875,0.1875,0.1875,0.9375,0.9375,0.9375,0.4928728904050203,0.4928728904050204,0.4928728904050204
cobalt_threshold1,12,20,weighted_itr_cvt,tanimoto,0.1714285714285714,0.1714285714285714,0.1714285714285714,0.75,0.75,0.75,0.25,0.25,0.25,1.25,1.25,1.25,0.4913591468428002,0.4913591468428002,0.4913591468428002
cobalt_threshold1,12,20,fps,tanimoto,0.2142857142857142,0.2057142857142857,0.2228571428571428,0.875,0.825,0.925,0.11875,0.09375,0.14375,0.59375,0.46875,0.71875,0.5517425538016217,0.5469692149016893,0.5565580667183745
cobalt_threshold1,12,20,kennard_stone,tanimoto,0.2,0.2,0.2,1.0,1.0,1.0,0.0625,0.0625,0.0625,0.3125,0.3125,0.3125,0.5594577933368808,0.5594577933368808,0.5594577933368808
cobalt_threshold1,12,20,ward,tanimoto,0.1428571428571428,0.1428571428571428,0.1428571428571428,0.75,0.75,0.75,0.1875,0.1875,0.1875,0.9375,0.9375,0.9375,0.4928728904050203,0.4928728904050204,0.4928728904050204
cobalt_threshold1,12,20,repulsive_fps,tanimoto,0.2028571428571428,0.19,0.2157499999999998,0.825,0.775,0.875,0.1625,0.1375,0.1875,0.8125,0.703125,0.9375,0.5581636692082916,0.5546400521562432,0.5616162595749422
cobalt_threshold30,12,20,random,2,0.2083333333333333,0.183298611111111,0.2291666666666666,0.525,0.45,0.5875,0.1966666666666666,0.1533333333333333,0.24,0.9833333333333334,0.75,1.2,2.3707929608848417,2.193297149577664,2.547746486534298
cobalt_threshold30,12,20,cvt,2,0.1444444444444444,0.1388888888888889,0.1527777777777778,0.8,0.7625,0.85,0.13,0.1233333333333333,0.1333333333333333,0.65,0.6166666666666665,0.6666666666666665,0.734375066666372,0.728153724916748,0.7417689562869669
cobalt_threshold30,12,20,weighted_itr_cvt,2,0.1652777777777777,0.161111111111111,0.1694444444444444,1.0,1.0,1.0,0.0033333333333333,0.0,0.01,0.0166666666666666,0.0,0.05,1.050256818216,1.0319679515385285,1.068141142840573
cobalt_threshold30,12,20,fps,2,0.1819444444444444,0.1763888888888888,0.1875,1.0,1.0,1.0,0.0333333333333333,0.0199999999999999,0.0466666666666666,0.1666666666666666,0.0999999999999999,0.2333333333333333,1.0732245700379237,1.0396403412718074,1.1108285189929423
cobalt_threshold30,12,20,kennard_stone,2,0.1666666666666666,0.1666666666666666,0.1666666666666666,1.0,1.0,1.0,0.0666666666666666,0.0666666666666666,0.0666666666666666,0.3333333333333333,0.3333333333333332,0.3333333333333332,1.0515986603189538,1.051598660318954,1.051598660318954
cobalt_threshold30,12,20,ward,2,0.1944444444444444,0.1944444444444444,0.1944444444444444,0.75,0.75,0.75,0.1333333333333333,0.1333333333333333,0.1333333333333333,0.6666666666666666,0.6666666666666665,0.6666666666666665,0.7153376660609491,0.715337666060949,0.715337666060949
cobalt_threshold30,12,20,repulsive_fps,2,0.1430555555555555,0.1319444444444444,0.1541666666666666,0.9875,0.9625,1.0,0.03,0.0166666666666666,0.0433333333333333,0.15,0.0833333333333333,0.2166666666666666,1.4053694101566312,1.3371853215362814,1.4749546858087443
cobalt_threshold30,12,20,random,8,0.2069444444444444,0.1861111111111111,0.2263888888888889,0.35,0.3,0.4,0.2333333333333333,0.1933333333333333,0.2733333333333333,1.1666666666666663,0.95,1.3666666666666667,7.139740191981284,6.902529080215396,7.37757799690967
cobalt_threshold30,12,20,cvt,8,0.1861111111111111,0.1805555555555555,0.1916666666666667,1.0,1.0,1.0,0.0833333333333333,0.0733333333333333,0.0966666666666666,0.4166666666666666,0.35,0.4833333333333333,4.361796647612854,4.33656211352927,4.387706036563101
cobalt_threshold30,12,20,weighted_itr_cvt,8,0.175,0.1666666666666666,0.1833333333333333,1.0,1.0,1.0,0.1233333333333333,0.11,0.1366666666666667,0.6166666666666666,0.5499999999999998,0.6833333333333332,4.489974771846825,4.440609829356634,4.542729720080944
cobalt_threshold30,12,20,fps,8,0.175,0.1652777777777778,0.1847222222222222,1.0,1.0,1.0,0.0233333333333333,0.01,0.0366666666666666,0.1166666666666666,0.05,0.1833333333333333,6.558244369650372,5.969222224947616,7.194975366182208
cobalt_threshold30,12,20,kennard_stone,8,0.1666666666666666,0.1666666666666666,0.1666666666666666,1.0,1.0,1.0,0.0,0.0,0.0,0.0,0.0,0.0,7.481627294331039,7.481627294331041,7.481627294331041
cobalt_threshold30,12,20,ward,8,0.1666666666666666,0.1666666666666666,0.1666666666666666,1.0,1.0,1.0,0.0666666666666666,0.0666666666666666,0.0666666666666666,0.3333333333333333,0.3333333333333332,0.3333333333333332,4.468216101394634,4.468216101394633,4.468216101394633
cobalt_threshold30,12,20,repulsive_fps,8,0.1583333333333333,0.1472222222222222,0.1694444444444444,1.0,1.0,1.0,0.0033333333333333,0.0,0.01,0.0166666666666666,0.0,0.05,7.721770749958471,7.089894081708071,8.392389032369778
cobalt_threshold30,12,20,random,16,0.1972222222222222,0.1819444444444444,0.2111458333333332,0.4375,0.3625,0.525,0.1866666666666666,0.1533333333333333,0.22,0.9333333333333332,0.7666666666666667,1.1,11.189900146176392,10.982642009083367,11.377047773050574
cobalt_threshold30,12,20,cvt,16,0.1638888888888889,0.1569444444444444,0.1722222222222222,1.0,1.0,1.0,0.0966666666666666,0.0833333333333333,0.11,0.4833333333333333,0.4166666666666666,0.55,8.534144721850776,8.459284641969704,8.632702167701547
cobalt_threshold30,12,20,weighted_itr_cvt,16,0.1583333333333333,0.1472222222222222,0.1708333333333333,0.975,0.9375,1.0,0.1466666666666666,0.1366666666666666,0.16,0.7333333333333333,0.6833333333333332,0.7999999999999999,8.89826765190448,8.822790012699762,8.986355336147819
cobalt_threshold30,12,20,fps,16,0.1972222222222222,0.1888888888888889,0.2055555555555555,1.0,1.0,1.0,0.02,0.0066666666666666,0.0333333333333333,0.1,0.0333333333333333,0.1666666666666666,14.941560723814144,12.700874747438894,17.329029727579062
cobalt_threshold30,12,20,kennard_stone,16,0.1944444444444444,0.1944444444444444,0.1944444444444444,1.0,1.0,1.0,0.0,0.0,0.0,0.0,0.0,0.0,21.964320936442427,21.96432093644243,21.96432093644243
cobalt_threshold30,12,20,ward,16,0.1944444444444444,0.1944444444444444,0.1944444444444444,1.0,1.0,1.0,0.0666666666666666,0.0666666666666666,0.0666666666666666,0.3333333333333333,0.3333333333333332,0.3333333333333332,8.482318345386094,8.482318345386094,8.482318345386094
cobalt_threshold30,12,20,repulsive_fps,16,0.1944444444444444,0.1847222222222222,0.2041666666666667,1.0,1.0,1.0,0.0166666666666666,0.0066666666666666,0.03,0.0833333333333333,0.0333333333333333,0.15,15.234387029104258,13.122808024565323,17.386243906145737
cobalt_threshold30,12,20,random,full,0.1916666666666666,0.1736111111111111,0.2083333333333333,0.3375,0.2875,0.3875,0.1833333333333333,0.1433333333333333,0.2266666666666667,0.9166666666666666,0.7166666666666667,1.1333333333333333,22.268422762297742,21.750248968348444,22.82087893815611
cobalt_threshold30,12,20,cvt,full,0.1666666666666666,0.1555555555555555,0.1805555555555555,0.925,0.875,0.975,0.0933333333333333,0.08,0.1066666666666666,0.4666666666666666,0.3999999999999999,0.5333333333333333,19.397408073250887,19.32571749799836,19.473182021857248
cobalt_threshold30,12,20,weighted_itr_cvt,full,0.175,0.1625,0.1888888888888888,0.9375,0.8875,0.9875,0.1833333333333333,0.1566666666666666,0.21,0.9166666666666666,0.7833333333333332,1.0666666666666664,19.882514963551397,19.765814038569538,20.008758101069592
cobalt_threshold30,12,20,fps,full,0.2069444444444444,0.1972222222222222,0.2166666666666667,1.0,1.0,1.0,0.0233333333333333,0.01,0.0366666666666666,0.1166666666666666,0.05,0.1833333333333333,25.72611409744369,24.321548029877867,27.163368047511995
cobalt_threshold30,12,20,kennard_stone,full,0.1944444444444444,0.1944444444444444,0.1944444444444444,1.0,1.0,1.0,0.0,0.0,0.0,0.0,0.0,0.0,30.746961537448364,30.74696153744836,30.74696153744836
cobalt_threshold30,12,20,ward,full,0.1666666666666666,0.1666666666666666,0.1666666666666666,1.0,1.0,1.0,0.0666666666666666,0.0666666666666666,0.0666666666666666,0.3333333333333333,0.3333333333333332,0.3333333333333332,19.25034302919073,19.25034302919073,19.25034302919073
cobalt_threshold30,12,20,repulsive_fps,full,0.1986111111111111,0.1875,0.2097222222222222,1.0,1.0,1.0,0.0133333333333333,0.0033333333333333,0.0266666666666666,0.0666666666666666,0.0166666666666666,0.1333333333333333,26.683989537224583,25.590460049073197,27.8030410902777
cobalt_threshold30,12,20,random,tanimoto,0.1916666666666666,0.1749652777777777,0.2097222222222222,0.725,0.675,0.7875,0.19375,0.15625,0.23125,0.96875,0.796875,1.140625,0.5437293727088492,0.5376140158410667,0.5502722155198494
cobalt_threshold30,12,20,cvt,tanimoto,0.1388888888888889,0.1388888888888889,0.1388888888888889,0.75,0.75,0.75,0.1875,0.1875,0.1875,0.9375,0.9375,0.9375,0.4928728904050203,0.4928728904050204,0.4928728904050204
cobalt_threshold30,12,20,weighted_itr_cvt,tanimoto,0.1666666666666666,0.1666666666666666,0.1666666666666666,0.75,0.75,0.75,0.25,0.25,0.25,1.25,1.25,1.25,0.4913591468428002,0.4913591468428002,0.4913591468428002
cobalt_threshold30,12,20,fps,tanimoto,0.2166666666666666,0.2069444444444444,0.2263888888888889,0.875,0.825,0.925,0.11875,0.09375,0.14375,0.59375,0.46875,0.71875,0.5517425538016217,0.5469692149016893,0.5565580667183745
cobalt_threshold30,12,20,kennard_stone,tanimoto,0.2222222222222222,0.2222222222222222,0.2222222222222222,1.0,1.0,1.0,0.0625,0.0625,0.0625,0.3125,0.3125,0.3125,0.5594577933368808,0.5594577933368808,0.5594577933368808
cobalt_threshold30,12,20,ward,tanimoto,0.1388888888888889,0.1388888888888889,0.1388888888888889,0.75,0.75,0.75,0.1875,0.1875,0.1875,0.9375,0.9375,0.9375,0.4928728904050203,0.4928728904050204,0.4928728904050204
cobalt_threshold30,12,20,repulsive_fps,tanimoto,0.2069444444444444,0.1930555555555555,0.2208333333333333,0.825,0.775,0.875,0.153125,0.13125,0.1750781249999995,0.765625,0.671875,0.875,0.556277646345387,0.5521699005340022,0.5603349214290528
cobalt_threshold50,12,20,random,2,0.2056818181818181,0.1931818181818181,0.2193181818181818,0.4125,0.35,0.475,0.1966666666666666,0.1566666666666666,0.2366666666666666,0.9833333333333332,0.7829166666666665,1.1833333333333331,2.3707929608848417,2.193297149577664,2.547746486534298
cobalt_threshold50,12,20,cvt,2,0.1659090909090909,0.1602272727272727,0.1727272727272727,1.0,1.0,1.0,0.1266666666666666,0.1166666666666666,0.1333333333333333,0.6333333333333333,0.5833333333333333,0.6666666666666665,0.734375066666372,0.728153724916748,0.7417689562869669
cobalt_threshold50,12,20,weighted_itr_cvt,2,0.1920454545454545,0.1852272727272727,0.1977272727272727,1.0,1.0,1.0,0.0633333333333333,0.0566666666666666,0.0666666666666666,0.3166666666666666,0.2833333333333332,0.3333333333333332,1.022213339279499,1.0060304124007742,1.0388078347123657
cobalt_threshold50,12,20,fps,2,0.2034090909090909,0.1965909090909091,0.2102272727272726,1.0,1.0,1.0,0.03,0.0166666666666666,0.0433333333333333,0.15,0.0833333333333333,0.2166666666666666,1.0732245700379237,1.0396403412718074,1.1108285189929423
cobalt_threshold50,12,20,kennard_stone,2,0.2045454545454545,0.2045454545454545,0.2045454545454545,1.0,1.0,1.0,0.0,0.0,0.0,0.0,0.0,0.0,1.0515986603189538,1.051598660318954,1.051598660318954
cobalt_threshold50,12,20,ward,2,0.2045454545454545,0.2045454545454545,0.2045454545454545,1.0,1.0,1.0,0.1333333333333333,0.1333333333333333,0.1333333333333333,0.6666666666666666,0.6666666666666665,0.6666666666666665,0.7153376660609491,0.715337666060949,0.715337666060949
cobalt_threshold50,12,20,repulsive_fps,2,0.1659090909090909,0.1568181818181818,0.1761363636363636,1.0,1.0,1.0,0.0266666666666666,0.0133333333333333,0.04,0.1333333333333333,0.0666666666666666,0.2,1.3875636809222889,1.320408016400778,1.461540430426395
cobalt_threshold50,12,20,random,8,0.2102272727272727,0.1931818181818181,0.2261363636363636,0.3875,0.3375,0.4375,0.2333333333333333,0.1933333333333333,0.2733333333333333,1.1666666666666663,0.95,1.3666666666666667,7.139740191981284,6.902529080215396,7.37757799690967
cobalt_threshold50,12,20,cvt,8,0.1977272727272727,0.1931818181818181,0.2022727272727273,1.0,1.0,1.0,0.0833333333333333,0.0733333333333333,0.0966666666666666,0.4166666666666666,0.35,0.4833333333333333,4.361796647612854,4.33656211352927,4.387706036563101
cobalt_threshold50,12,20,weighted_itr_cvt,8,0.2011363636363636,0.1931818181818181,0.209090909090909,1.0,1.0,1.0,0.1233333333333333,0.11,0.1366666666666667,0.6166666666666666,0.5499999999999998,0.6833333333333332,4.493199582984036,4.440947223966138,4.547849285206657
cobalt_threshold50,12,20,fps,8,0.2125,0.2056818181818181,0.2204545454545454,1.0,1.0,1.0,0.0233333333333333,0.01,0.0366666666666666,0.1166666666666666,0.05,0.1833333333333333,6.558244369650372,5.969222224947616,7.194975366182208
cobalt_threshold50,12,20,kennard_stone,8,0.2272727272727272,0.2272727272727273,0.2272727272727273,1.0,1.0,1.0,0.0,0.0,0.0,0.0,0.0,0.0,7.481627294331039,7.481627294331041,7.481627294331041
cobalt_threshold50,12,20,ward,8,0.2045454545454545,0.2045454545454545,0.2045454545454545,1.0,1.0,1.0,0.0666666666666666,0.0666666666666666,0.0666666666666666,0.3333333333333333,0.3333333333333332,0.3333333333333332,4.468216101394634,4.468216101394633,4.468216101394633
cobalt_threshold50,12,20,repulsive_fps,8,0.2,0.1897727272727272,0.209090909090909,1.0,1.0,1.0,0.01,0.0,0.02,0.05,0.0,0.1166666666666666,7.465364187995801,6.772367272252195,8.211694329701052
cobalt_threshold50,12,20,random,16,0.2,0.1897727272727272,0.209090909090909,0.3875,0.3125,0.475,0.1866666666666666,0.1533333333333333,0.22,0.9333333333333332,0.7666666666666667,1.1,11.189900146176392,10.982642009083367,11.377047773050574
cobalt_threshold50,12,20,cvt,16,0.2204545454545454,0.2159090909090909,0.225,1.0,1.0,1.0,0.0966666666666666,0.0833333333333333,0.11,0.4833333333333333,0.4166666666666666,0.55,8.534144721850776,8.459284641969704,8.632702167701547
cobalt_threshold50,12,20,weighted_itr_cvt,16,0.1977272727272727,0.1909090909090909,0.2045454545454545,1.0,1.0,1.0,0.1466666666666666,0.1366666666666666,0.16,0.7333333333333333,0.6833333333333332,0.7999999999999999,8.89716595866014,8.799005163126678,8.993566934891168
cobalt_threshold50,12,20,fps,16,0.2284090909090909,0.2227272727272727,0.2340909090909091,1.0,1.0,1.0,0.02,0.0066666666666666,0.0333333333333333,0.1,0.0333333333333333,0.1666666666666666,14.941560723814144,12.700874747438894,17.329029727579062
cobalt_threshold50,12,20,kennard_stone,16,0.2272727272727272,0.2272727272727273,0.2272727272727273,1.0,1.0,1.0,0.0,0.0,0.0,0.0,0.0,0.0,21.964320936442427,21.96432093644243,21.96432093644243
cobalt_threshold50,12,20,ward,16,0.2272727272727272,0.2272727272727273,0.2272727272727273,1.0,1.0,1.0,0.0666666666666666,0.0666666666666666,0.0666666666666666,0.3333333333333333,0.3333333333333332,0.3333333333333332,8.482318345386094,8.482318345386094,8.482318345386094
cobalt_threshold50,12,20,repulsive_fps,16,0.2261363636363636,0.2193181818181818,0.2329545454545454,1.0,1.0,1.0,0.0166666666666666,0.0066666666666666,0.03,0.0833333333333333,0.0333333333333333,0.15,15.284277944781492,13.142229149942455,17.46464740969015
cobalt_threshold50,12,20,random,full,0.1931818181818181,0.1806818181818181,0.2056818181818181,0.3375,0.2875,0.3875,0.1833333333333333,0.1433333333333333,0.2266666666666667,0.9166666666666666,0.7166666666666667,1.1333333333333333,22.268422762297742,21.750248968348444,22.82087893815611
cobalt_threshold50,12,20,cvt,full,0.1954545454545454,0.1863636363636363,0.2034090909090909,0.925,0.875,0.975,0.0933333333333333,0.08,0.1066666666666666,0.4666666666666666,0.3999999999999999,0.5333333333333333,19.397408073250887,19.32571749799836,19.473182021857248
cobalt_threshold50,12,20,weighted_itr_cvt,full,0.1931818181818181,0.1818181818181818,0.2045454545454545,0.9375,0.8875,0.9875,0.18,0.1566666666666666,0.2033333333333333,0.9,0.7833333333333332,1.0333333333333332,19.857369095767076,19.755257191467773,19.966795768045223
cobalt_threshold50,12,20,fps,full,0.234090909090909,0.2272727272727272,0.2409090909090909,1.0,1.0,1.0,0.0233333333333333,0.01,0.0366666666666666,0.1166666666666666,0.05,0.1833333333333333,25.72611409744369,24.321548029877867,27.163368047511995
cobalt_threshold50,12,20,kennard_stone,full,0.2272727272727272,0.2272727272727273,0.2272727272727273,1.0,1.0,1.0,0.0,0.0,0.0,0.0,0.0,0.0,30.746961537448364,30.74696153744836,30.74696153744836
cobalt_threshold50,12,20,ward,full,0.1818181818181818,0.1818181818181818,0.1818181818181818,1.0,1.0,1.0,0.0666666666666666,0.0666666666666666,0.0666666666666666,0.3333333333333333,0.3333333333333332,0.3333333333333332,19.25034302919073,19.25034302919073,19.25034302919073
cobalt_threshold50,12,20,repulsive_fps,full,0.2295454545454545,0.2215909090909091,0.2375,1.0,1.0,1.0,0.0133333333333333,0.0033333333333333,0.0266666666666666,0.0666666666666666,0.0166666666666666,0.1333333333333333,26.683989537224583,25.590460049073197,27.8030410902777
cobalt_threshold50,12,20,random,tanimoto,0.1931818181818181,0.1806818181818182,0.2068181818181818,0.85,0.775,0.9125,0.2,0.1633333333333333,0.2433333333333333,1.0,0.8166666666666667,1.1999999999999995,0.5437293727088492,0.5376140158410667,0.5502722155198494
cobalt_threshold50,12,20,cvt,tanimoto,0.1590909090909091,0.1590909090909091,0.1590909090909091,1.0,1.0,1.0,0.3333333333333333,0.3333333333333332,0.3333333333333332,1.6666666666666663,1.6666666666666667,1.6666666666666667,0.4928728904050203,0.4928728904050204,0.4928728904050204
cobalt_threshold50,12,20,weighted_itr_cvt,tanimoto,0.1818181818181818,0.1818181818181818,0.1818181818181818,1.0,1.0,1.0,0.3333333333333333,0.3333333333333332,0.3333333333333332,1.6666666666666663,1.6666666666666667,1.6666666666666667,0.4913591468428002,0.4913591468428002,0.4913591468428002
cobalt_threshold50,12,20,fps,tanimoto,0.2147727272727272,0.2056818181818181,0.2238920454545453,1.0,1.0,1.0,0.0866666666666666,0.0566666666666666,0.12,0.4333333333333333,0.2666666666666666,0.5999999999999999,0.5517425538016217,0.5469692149016893,0.5565580667183745
cobalt_threshold50,12,20,kennard_stone,tanimoto,0.2272727272727272,0.2272727272727273,0.2272727272727273,1.0,1.0,1.0,0.0666666666666666,0.0666666666666666,0.0666666666666666,0.3333333333333333,0.3333333333333332,0.3333333333333332,0.5594577933368808,0.5594577933368808,0.5594577933368808
cobalt_threshold50,12,20,ward,tanimoto,0.1590909090909091,0.1590909090909091,0.1590909090909091,1.0,1.0,1.0,0.3333333333333333,0.3333333333333332,0.3333333333333332,1.6666666666666663,1.6666666666666667,1.6666666666666667,0.4928728904050203,0.4928728904050204,0.4928728904050204
cobalt_threshold50,12,20,repulsive_fps,tanimoto,0.2125,0.2056818181818182,0.2193181818181818,1.0,1.0,1.0,0.11,0.08,0.14,0.55,0.3999999999999999,0.7,0.5535008976963192,0.549500656622772,0.557697095992611
