dataset,budget,repeats,best_method,best_dimension,candidate_method,candidate_dimension,boundary_coverage_delta_mean,boundary_coverage_delta_ci_low,boundary_coverage_delta_ci_high,paired_repeats
aldol,40,10,weighted_itr_cvt,full,kennard_stone,2,0.09560439560439556,0.0897435897435897,0.10184065934065918,10
aldol,40,10,weighted_itr_cvt,full,kennard_stone,64,0.09560439560439556,0.08937728937728934,0.10183150183150178,10
aldol,40,10,weighted_itr_cvt,full,kennard_stone,128,0.09560439560439556,0.0897435897435897,0.10184065934065918,10
aldol,40,10,weighted_itr_cvt,full,kennard_stone,full,0.09560439560439556,0.08974358974358969,0.10183150183150178,10
aldol,40,10,weighted_itr_cvt,full,fps,full,0.0952380952380952,0.08974358974358967,0.10109890109890107,10
aldol,40,10,weighted_itr_cvt,full,repulsive_fps,full,0.09523809523809519,0.08901098901098899,0.10109890109890107,10
aldol,40,10,weighted_itr_cvt,full,repulsive_fps,128,0.09487179487179484,0.089010989010989,0.10146520146520141,10
aldol,40,10,weighted_itr_cvt,full,repulsive_fps,64,0.09450549450549448,0.08791208791208792,0.10146520146520141,10
aldol,40,10,weighted_itr_cvt,full,fps,128,0.09450549450549448,0.08827838827838826,0.10073260073260071,10
aldol,40,10,weighted_itr_cvt,full,fps,64,0.09304029304029302,0.08644688644688645,0.09963369963369963,10
aldol,40,10,weighted_itr_cvt,full,fps,2,0.0923076923076923,0.08681318681318684,0.09780219780219779,10
aldol,40,10,weighted_itr_cvt,full,repulsive_fps,2,0.08974358974358973,0.08388278388278386,0.09597069597069595,10
aldol,40,10,weighted_itr_cvt,full,cvt,2,0.08351648351648351,0.07545787545787544,0.09230769230769229,10
aldol,40,10,weighted_itr_cvt,full,weighted_itr_cvt,2,0.08315018315018315,0.07692307692307691,0.08937728937728937,10
aldol,40,10,weighted_itr_cvt,full,fps,tanimoto,0.08283067297665835,0.07587226945803585,0.09051629635571237,10
aldol,40,10,weighted_itr_cvt,full,repulsive_fps,tanimoto,0.08173578246570944,0.07478142295660542,0.08832390845164564,10
aldol,40,10,weighted_itr_cvt,full,ward,2,0.08095238095238096,0.07545787545787544,0.08717948717948718,10
aldol,40,10,weighted_itr_cvt,full,kennard_stone,tanimoto,0.07370658538541745,0.06784577952461157,0.07994284912168108,10
aldol,40,10,weighted_itr_cvt,full,ward,64,0.06996336996336995,0.06410256410256408,0.07619047619047617,10
aldol,40,10,weighted_itr_cvt,full,ward,128,0.06630036630036626,0.06043956043956038,0.07252747252747248,10
aldol,40,10,weighted_itr_cvt,full,ward,full,0.06630036630036626,0.060439560439560405,0.07252747252747246,10
aldol,40,10,weighted_itr_cvt,full,cvt,tanimoto,0.06275768027592846,0.0568968744151226,0.06898478650303468,10
aldol,40,10,weighted_itr_cvt,full,ward,tanimoto,0.06275768027592846,0.056896874415122575,0.06935108686933503,10
aldol,40,10,weighted_itr_cvt,full,cvt,64,0.06263736263736262,0.05714285714285713,0.06814102564102552,10
aldol,40,10,weighted_itr_cvt,full,random,tanimoto,0.05910804523943207,0.051429072752065416,0.06714536376032723,10
aldol,40,10,weighted_itr_cvt,full,random,full,0.05750915750915749,0.051282051282051266,0.06336996336996337,10
aldol,40,10,weighted_itr_cvt,full,random,128,0.05677655677655678,0.047619047619047616,0.06593406593406591,10
aldol,40,10,weighted_itr_cvt,full,random,2,0.05604395604395605,0.05054945054945058,0.06153846153846154,10
aldol,40,10,weighted_itr_cvt,full,random,64,0.055311355311355316,0.04725274725274726,0.06337912087912077,10
aldol,40,10,weighted_itr_cvt,full,cvt,128,0.05421245421245421,0.046520146520146514,0.06227106227106226,10
aldol,40,10,weighted_itr_cvt,full,weighted_itr_cvt,tanimoto,0.04085987005695035,0.0349990641961445,0.04708697628405658,10
aldol,40,10,weighted_itr_cvt,full,cvt,full,0.0377289377289377,0.03150183150183148,0.0439652014652013,10
aldol,40,10,weighted_itr_cvt,full,weighted_itr_cvt,64,0.027472527472527465,0.02161172161172159,0.033699633699633684,10
aldol,40,10,weighted_itr_cvt,full,weighted_itr_cvt,128,0.02234432234432233,0.015018315018315031,0.02930402930402929,10
cobalt_condition1,12,20,weighted_itr_cvt,tanimoto,kennard_stone,8,0.25,0.25,0.25,20
cobalt_condition1,12,20,weighted_itr_cvt,tanimoto,kennard_stone,16,0.25,0.25,0.25,20
cobalt_condition1,12,20,weighted_itr_cvt,tanimoto,kennard_stone,full,0.25,0.25,0.25,20
cobalt_condition1,12,20,weighted_itr_cvt,tanimoto,weighted_itr_cvt,2,0.24666666666666667,0.24,0.25,20
cobalt_condition1,12,20,weighted_itr_cvt,tanimoto,repulsive_fps,8,0.24333333333333335,0.23333333333333334,0.25,20
cobalt_condition1,12,20,weighted_itr_cvt,tanimoto,repulsive_fps,full,0.23666666666666672,0.22333333333333338,0.24666666666666667,20
cobalt_condition1,12,20,weighted_itr_cvt,tanimoto,repulsive_fps,16,0.23333333333333334,0.22000000000000006,0.24333333333333335,20
cobalt_condition1,12,20,weighted_itr_cvt,tanimoto,fps,16,0.23000000000000004,0.2166666666666667,0.24333333333333335,20
cobalt_condition1,12,20,weighted_itr_cvt,tanimoto,fps,8,0.2266666666666667,0.21333333333333337,0.24000000000000005,20
cobalt_condition1,12,20,weighted_itr_cvt,tanimoto,fps,full,0.2266666666666667,0.21333333333333337,0.24000000000000005,20
cobalt_condition1,12,20,weighted_itr_cvt,tanimoto,repulsive_fps,2,0.22000000000000006,0.20666666666666672,0.23333333333333334,20
cobalt_condition1,12,20,weighted_itr_cvt,tanimoto,fps,2,0.2166666666666667,0.20333333333333342,0.23000000000000004,20
cobalt_condition1,12,20,weighted_itr_cvt,tanimoto,kennard_stone,tanimoto,0.1875,0.1875,0.1875,20
cobalt_condition1,12,20,weighted_itr_cvt,tanimoto,kennard_stone,2,0.18333333333333343,0.18333333333333343,0.18333333333333343,20
cobalt_condition1,12,20,weighted_itr_cvt,tanimoto,ward,8,0.18333333333333343,0.18333333333333343,0.18333333333333343,20
cobalt_condition1,12,20,weighted_itr_cvt,tanimoto,ward,16,0.18333333333333343,0.18333333333333343,0.18333333333333343,20
cobalt_condition1,12,20,weighted_itr_cvt,tanimoto,ward,full,0.18333333333333343,0.18333333333333343,0.18333333333333343,20
cobalt_condition1,12,20,weighted_itr_cvt,tanimoto,cvt,8,0.16666666666666674,0.1533333333333334,0.17666666666666678,20
cobalt_condition1,12,20,weighted_itr_cvt,tanimoto,cvt,full,0.15666666666666676,0.14333333333333337,0.1700000000000001,20
cobalt_condition1,12,20,weighted_itr_cvt,tanimoto,cvt,16,0.1533333333333334,0.14000000000000004,0.16666666666666677,20
cobalt_condition1,12,20,weighted_itr_cvt,tanimoto,fps,tanimoto,0.13125,0.10625,0.15625,20
cobalt_condition1,12,20,weighted_itr_cvt,tanimoto,weighted_itr_cvt,8,0.12666666666666668,0.11333333333333336,0.14000000000000007,20
cobalt_condition1,12,20,weighted_itr_cvt,tanimoto,cvt,2,0.12000000000000004,0.1166666666666667,0.1266666666666667,20
cobalt_condition1,12,20,weighted_itr_cvt,tanimoto,ward,2,0.1166666666666667,0.1166666666666667,0.1166666666666667,20
cobalt_condition1,12,20,weighted_itr_cvt,tanimoto,weighted_itr_cvt,16,0.10333333333333336,0.09000000000000002,0.11333333333333337,20
cobalt_condition1,12,20,weighted_itr_cvt,tanimoto,repulsive_fps,tanimoto,0.0875,0.0625,0.1125,20
cobalt_condition1,12,20,weighted_itr_cvt,tanimoto,weighted_itr_cvt,full,0.0666666666666667,0.0366666666666667,0.09333333333333335,20
cobalt_condition1,12,20,weighted_itr_cvt,tanimoto,random,full,0.06666666666666668,0.023333333333333352,0.10666666666666669,20
cobalt_condition1,12,20,weighted_itr_cvt,tanimoto,random,16,0.06333333333333335,0.030000000000000027,0.09666666666666669,20
cobalt_condition1,12,20,weighted_itr_cvt,tanimoto,cvt,tanimoto,0.0625,0.0625,0.0625,20
cobalt_condition1,12,20,weighted_itr_cvt,tanimoto,ward,tanimoto,0.0625,0.0625,0.0625,20
cobalt_condition1,12,20,weighted_itr_cvt,tanimoto,random,tanimoto,0.05625,0.021875,0.090625,20
cobalt_condition1,12,20,weighted_itr_cvt,tanimoto,random,2,0.05333333333333336,0.010000000000000014,0.09666666666666669,20
cobalt_condition1,12,20,weighted_itr_cvt,tanimoto,random,8,0.026666666666666707,-0.00999999999999997,0.0666666666666667,20
cobalt_threshold1,12,20,weighted_itr_cvt,tanimoto,kennard_stone,8,0.25,0.25,0.25,20
cobalt_threshold1,12,20,weighted_itr_cvt,tanimoto,kennard_stone,16,0.25,0.25,0.25,20
cobalt_threshold1,12,20,weighted_itr_cvt,tanimoto,kennard_stone,full,0.25,0.25,0.25,20
cobalt_threshold1,12,20,weighted_itr_cvt,tanimoto,weighted_itr_cvt,2,0.24666666666666667,0.24,0.25,20
cobalt_threshold1,12,20,weighted_itr_cvt,tanimoto,repulsive_fps,8,0.24333333333333335,0.23333333333333334,0.25,20
cobalt_threshold1,12,20,weighted_itr_cvt,tanimoto,repulsive_fps,full,0.23666666666666672,0.22333333333333338,0.24666666666666667,20
cobalt_threshold1,12,20,weighted_itr_cvt,tanimoto,repulsive_fps,16,0.23333333333333334,0.22000000000000003,0.24333333333333335,20
cobalt_threshold1,12,20,weighted_itr_cvt,tanimoto,fps,16,0.23000000000000004,0.2166666666666667,0.24333333333333335,20
cobalt_threshold1,12,20,weighted_itr_cvt,tanimoto,fps,8,0.2266666666666667,0.21333333333333337,0.24,20
cobalt_threshold1,12,20,weighted_itr_cvt,tanimoto,fps,full,0.2266666666666667,0.21333333333333337,0.24000000000000005,20
cobalt_threshold1,12,20,weighted_itr_cvt,tanimoto,repulsive_fps,2,0.22000000000000006,0.20666666666666672,0.23333333333333334,20
cobalt_threshold1,12,20,weighted_itr_cvt,tanimoto,fps,2,0.2166666666666667,0.20333333333333342,0.23000000000000004,20
cobalt_threshold1,12,20,weighted_itr_cvt,tanimoto,kennard_stone,tanimoto,0.1875,0.1875,0.1875,20
cobalt_threshold1,12,20,weighted_itr_cvt,tanimoto,kennard_stone,2,0.18333333333333343,0.18333333333333343,0.18333333333333343,20
cobalt_threshold1,12,20,weighted_itr_cvt,tanimoto,ward,8,0.18333333333333343,0.18333333333333343,0.18333333333333343,20
cobalt_threshold1,12,20,weighted_itr_cvt,tanimoto,ward,16,0.18333333333333343,0.18333333333333343,0.18333333333333343,20
cobalt_threshold1,12,20,weighted_itr_cvt,tanimoto,ward,full,0.18333333333333343,0.18333333333333343,0.18333333333333343,20
cobalt_threshold1,12,20,weighted_itr_cvt,tanimoto,cvt,8,0.16666666666666674,0.1533333333333334,0.17666666666666678,20
cobalt_threshold1,12,20,weighted_itr_cvt,tanimoto,cvt,full,0.15666666666666676,0.14333333333333337,0.1700000000000001,20
cobalt_threshold1,12,20,weighted_itr_cvt,tanimoto,cvt,16,0.1533333333333334,0.14000000000000004,0.16666666666666677,20
cobalt_threshold1,12,20,weighted_itr_cvt,tanimoto,fps,tanimoto,0.13125,0.10625,0.153125,20
cobalt_threshold1,12,20,weighted_itr_cvt,tanimoto,weighted_itr_cvt,8,0.12666666666666668,0.11333333333333336,0.14000000000000007,20
cobalt_threshold1,12,20,weighted_itr_cvt,tanimoto,cvt,2,0.12000000000000004,0.1166666666666667,0.1266666666666667,20
cobalt_threshold1,12,20,weighted_itr_cvt,tanimoto,ward,2,0.1166666666666667,0.1166666666666667,0.1166666666666667,20
cobalt_threshold1,12,20,weighted_itr_cvt,tanimoto,weighted_itr_cvt,16,0.10333333333333336,0.09000000000000001,0.11333333333333337,20
cobalt_threshold1,12,20,weighted_itr_cvt,tanimoto,repulsive_fps,tanimoto,0.0875,0.0625,0.1125,20
cobalt_threshold1,12,20,weighted_itr_cvt,tanimoto,weighted_itr_cvt,full,0.0666666666666667,0.04000000000000002,0.09333333333333335,20
cobalt_threshold1,12,20,weighted_itr_cvt,tanimoto,random,full,0.06666666666666668,0.023333333333333352,0.10666666666666669,20
cobalt_threshold1,12,20,weighted_itr_cvt,tanimoto,random,16,0.06333333333333335,0.030000000000000016,0.09666666666666669,20
cobalt_threshold1,12,20,weighted_itr_cvt,tanimoto,cvt,tanimoto,0.0625,0.0625,0.0625,20
cobalt_threshold1,12,20,weighted_itr_cvt,tanimoto,ward,tanimoto,0.0625,0.0625,0.0625,20
cobalt_threshold1,12,20,weighted_itr_cvt,tanimoto,random,tanimoto,0.05625,0.021796875000000025,0.090625,20
cobalt_threshold1,12,20,weighted_itr_cvt,tanimoto,random,2,0.05333333333333336,0.009916666666666695,0.0966666666666667,20
cobalt_threshold1,12,20,weighted_itr_cvt,tanimoto,random,8,0.026666666666666707,-0.00999999999999997,0.06666666666666671,20
cobalt_threshold30,12,20,weighted_itr_cvt,tanimoto,kennard_stone,8,0.25,0.25,0.25,20
cobalt_threshold30,12,20,weighted_itr_cvt,tanimoto,kennard_stone,16,0.25,0.25,0.25,20
cobalt_threshold30,12,20,weighted_itr_cvt,tanimoto,kennard_stone,full,0.25,0.25,0.25,20
cobalt_threshold30,12,20,weighted_itr_cvt,tanimoto,weighted_itr_cvt,2,0.24666666666666667,0.24,0.25,20
cobalt_threshold30,12,20,weighted_itr_cvt,tanimoto,repulsive_fps,8,0.24666666666666667,0.24,0.25,20
cobalt_threshold30,12,20,weighted_itr_cvt,tanimoto,repulsive_fps,full,0.23666666666666672,0.22333333333333338,0.24666666666666667,20
cobalt_threshold30,12,20,weighted_itr_cvt,tanimoto,repulsive_fps,16,0.23333333333333334,0.22000000000000003,0.24333333333333335,20
cobalt_threshold30,12,20,weighted_itr_cvt,tanimoto,fps,16,0.23000000000000004,0.2166666666666667,0.24333333333333335,20
cobalt_threshold30,12,20,weighted_itr_cvt,tanimoto,fps,8,0.2266666666666667,0.21333333333333337,0.24000000000000005,20
cobalt_threshold30,12,20,weighted_itr_cvt,tanimoto,fps,full,0.2266666666666667,0.21333333333333337,0.24000000000000005,20
cobalt_threshold30,12,20,weighted_itr_cvt,tanimoto,repulsive_fps,2,0.22000000000000006,0.20666666666666672,0.23333333333333334,20
cobalt_threshold30,12,20,weighted_itr_cvt,tanimoto,fps,2,0.2166666666666667,0.20333333333333342,0.23000000000000004,20
cobalt_threshold30,12,20,weighted_itr_cvt,tanimoto,kennard_stone,tanimoto,0.1875,0.1875,0.1875,20
cobalt_threshold30,12,20,weighted_itr_cvt,tanimoto,kennard_stone,2,0.18333333333333343,0.18333333333333343,0.18333333333333343,20
cobalt_threshold30,12,20,weighted_itr_cvt,tanimoto,ward,8,0.18333333333333343,0.18333333333333343,0.18333333333333343,20
cobalt_threshold30,12,20,weighted_itr_cvt,tanimoto,ward,16,0.18333333333333343,0.18333333333333343,0.18333333333333343,20
cobalt_threshold30,12,20,weighted_itr_cvt,tanimoto,ward,full,0.18333333333333343,0.18333333333333343,0.18333333333333343,20
cobalt_threshold30,12,20,weighted_itr_cvt,tanimoto,cvt,8,0.16666666666666674,0.1533333333333334,0.17666666666666678,20
cobalt_threshold30,12,20,weighted_itr_cvt,tanimoto,cvt,full,0.15666666666666676,0.14333333333333337,0.1700000000000001,20
cobalt_threshold30,12,20,weighted_itr_cvt,tanimoto,cvt,16,0.1533333333333334,0.14000000000000004,0.16666666666666677,20
cobalt_threshold30,12,20,weighted_itr_cvt,tanimoto,fps,tanimoto,0.13125,0.10625,0.153125,20
cobalt_threshold30,12,20,weighted_itr_cvt,tanimoto,weighted_itr_cvt,8,0.12666666666666668,0.11333333333333336,0.14000000000000007,20
cobalt_threshold30,12,20,weighted_itr_cvt,tanimoto,cvt,2,0.12000000000000004,0.1166666666666667,0.1266666666666667,20
cobalt_threshold30,12,20,weighted_itr_cvt,tanimoto,ward,2,0.1166666666666667,0.1166666666666667,0.1166666666666667,20
cobalt_threshold30,12,20,weighted_itr_cvt,tanimoto,weighted_itr_cvt,16,0.10333333333333336,0.09000000000000001,0.11333333333333337,20
cobalt_threshold30,12,20,weighted_itr_cvt,tanimoto,repulsive_fps,tanimoto,0.096875,0.075,0.11875,20
cobalt_threshold30,12,20,weighted_itr_cvt,tanimoto,weighted_itr_cvt,full,0.0666666666666667,0.0366666666666667,0.09333333333333335,20
cobalt_threshold30,12,20,weighted_itr_cvt,tanimoto,random,full,0.06666666666666668,0.02333333333333336,0.10666666666666669,20
cobalt_threshold30,12,20,weighted_itr_cvt,tanimoto,random,16,0.06333333333333335,0.03000000000000002,0.09666666666666669,20
cobalt_threshold30,12,20,weighted_itr_cvt,tanimoto,cvt,tanimoto,0.0625,0.0625,0.0625,20
cobalt_threshold30,12,20,weighted_itr_cvt,tanimoto,ward,tanimoto,0.0625,0.0625,0.0625,20
cobalt_threshold30,12,20,weighted_itr_cvt,tanimoto,random,tanimoto,0.05625,0.01875,0.090625,20
cobalt_threshold30,12,20,weighted_itr_cvt,tanimoto,random,2,0.05333333333333336,0.010000000000000004,0.09666666666666669,20
cobalt_threshold30,12,20,weighted_itr_cvt,tanimoto,random,8,0.016666666666666698,-0.026666666666666627,0.06000000000000004,20
cobalt_threshold50,12,20,cvt,tanimoto,kennard_stone,2,0.33333333333333326,0.33333333333333326,0.33333333333333326,20
cobalt_threshold50,12,20,cvt,tanimoto,kennard_stone,8,0.33333333333333326,0.33333333333333326,0.33333333333333326,20
cobalt_threshold50,12,20,cvt,tanimoto,kennard_stone,16,0.33333333333333326,0.33333333333333326,0.33333333333333326,20
cobalt_threshold50,12,20,cvt,tanimoto,kennard_stone,full,0.33333333333333326,0.33333333333333326,0.33333333333333326,20
cobalt_threshold50,12,20,cvt,tanimoto,repulsive_fps,8,0.32333333333333325,0.3133333333333333,0.33333333333333326,20
cobalt_threshold50,12,20,cvt,tanimoto,repulsive_fps,full,0.31999999999999995,0.30666666666666664,0.3299999999999999,20
cobalt_threshold50,12,20,cvt,tanimoto,repulsive_fps,16,0.3166666666666666,0.30333333333333334,0.3299999999999999,20
cobalt_threshold50,12,20,cvt,tanimoto,fps,16,0.3133333333333333,0.3,0.32666666666666655,20
cobalt_threshold50,12,20,cvt,tanimoto,fps,8,0.30999999999999994,0.2966666666666667,0.32333333333333325,20
cobalt_threshold50,12,20,cvt,tanimoto,fps,full,0.30999999999999994,0.2966666666666667,0.32333333333333325,20
cobalt_threshold50,12,20,cvt,tanimoto,repulsive_fps,2,0.30666666666666664,0.29000000000000004,0.31999999999999995,20
cobalt_threshold50,12,20,cvt,tanimoto,fps,2,0.30333333333333334,0.29,0.3166666666666666,20
cobalt_threshold50,12,20,cvt,tanimoto,weighted_itr_cvt,2,0.27,0.2666666666666667,0.27666666666666667,20
cobalt_threshold50,12,20,cvt,tanimoto,ward,8,0.2666666666666667,0.2666666666666667,0.2666666666666667,20
cobalt_threshold50,12,20,cvt,tanimoto,ward,16,0.2666666666666667,0.2666666666666667,0.2666666666666667,20
cobalt_threshold50,12,20,cvt,tanimoto,ward,full,0.2666666666666667,0.2666666666666667,0.2666666666666667,20
cobalt_threshold50,12,20,cvt,tanimoto,kennard_stone,tanimoto,0.2666666666666667,0.2666666666666667,0.2666666666666667,20
cobalt_threshold50,12,20,cvt,tanimoto,cvt,8,0.2500000000000001,0.23666666666666672,0.26000000000000006,20
cobalt_threshold50,12,20,cvt,tanimoto,fps,tanimoto,0.24666666666666667,0.21666666666666662,0.27666666666666667,20
cobalt_threshold50,12,20,cvt,tanimoto,cvt,full,0.24000000000000005,0.2266666666666667,0.2533333333333334,20
cobalt_threshold50,12,20,cvt,tanimoto,cvt,16,0.23666666666666672,0.22333333333333333,0.25000000000000006,20
cobalt_threshold50,12,20,cvt,tanimoto,repulsive_fps,tanimoto,0.22333333333333338,0.19333333333333336,0.2533333333333333,20
cobalt_threshold50,12,20,cvt,tanimoto,weighted_itr_cvt,8,0.21000000000000002,0.1966666666666667,0.22333333333333338,20
cobalt_threshold50,12,20,cvt,tanimoto,cvt,2,0.2066666666666667,0.20000000000000004,0.2166666666666667,20
cobalt_threshold50,12,20,cvt,tanimoto,ward,2,0.20000000000000004,0.20000000000000004,0.20000000000000004,20
cobalt_threshold50,12,20,cvt,tanimoto,weighted_itr_cvt,16,0.1866666666666667,0.17333333333333337,0.1966666666666667,20
cobalt_threshold50,12,20,cvt,tanimoto,weighted_itr_cvt,full,0.15333333333333338,0.1266666666666667,0.1766666666666667,20
cobalt_threshold50,12,20,cvt,tanimoto,random,full,0.15000000000000002,0.10666666666666666,0.19,20
cobalt_threshold50,12,20,cvt,tanimoto,random,16,0.14666666666666667,0.11333333333333333,0.18,20
cobalt_threshold50,12,20,cvt,tanimoto,random,2,0.13666666666666666,0.09666666666666668,0.1766666666666667,20
cobalt_threshold50,12,20,cvt,tanimoto,random,tanimoto,0.13333333333333336,0.09000000000000001,0.17333333333333334,20
cobalt_threshold50,12,20,cvt,tanimoto,random,8,0.10000000000000002,0.059916666666666694,0.14000000000000004,20
cobalt_threshold50,12,20,cvt,tanimoto,weighted_itr_cvt,tanimoto,0.0,0.0,0.0,20
cobalt_threshold50,12,20,cvt,tanimoto,ward,tanimoto,0.0,0.0,0.0,20
