analysis_type,dataset,method,dimension,budget,budget_spent,failure_recall_mean,failure_cluster_coverage_mean,boundary_coverage_mean,boundary_enrichment_mean,coverage_radius_mean,compactness_score,pareto_metric_count
prospective_final,aldol,random,2,80,80.0,0.0750566893424036,0.6875,0.0673992673992674,0.9191575091575092,0.4486259047153348,-0.4486259047153348,5
prospective_final,aldol,cvt,2,80,80.0,0.1394557823129251,0.975,0.0555555555555555,0.757638888888889,0.6267350180836414,-0.6267350180836414,5
prospective_final,aldol,weighted_itr_cvt,2,80,80.0,0.1272108843537415,0.9208333333333332,0.0197802197802197,0.2697527472527473,0.5434313568112248,-0.5434313568112248,5
prospective_final,aldol,fps,2,80,80.0,0.1666666666666666,0.8041666666666667,0.0083028083028083,0.1132295482295482,0.4875493969857591,-0.4875493969857591,5
prospective_final,aldol,kennard_stone,2,80,80.0,0.1523809523809523,0.8791666666666667,0.0064713064713064,0.088252442002442,0.5512802268995699,-0.5512802268995699,5
prospective_final,aldol,ward,2,80,80.0,0.1653061224489796,0.9166666666666666,0.0427350427350427,0.5827991452991452,0.5840313983533568,-0.5840313983533568,5
prospective_final,aldol,cvt,64,80,80.0,0.0850340136054421,0.5916666666666667,0.1244200244200244,1.696778083028083,14.1297847543145,-14.1297847543145,5
prospective_final,aldol,weighted_itr_cvt,64,80,80.0,0.0766439909297052,0.625,0.1136752136752136,1.5502457264957266,13.996897563302012,-13.996897563302012,5
prospective_final,aldol,fps,64,80,80.0,0.1503401360544217,1.0,0.0225885225885225,0.3080509768009768,14.300116302436232,-14.300116302436232,5
prospective_final,aldol,ward,64,80,80.0,0.1056689342403628,0.625,0.1194139194139194,1.6285073260073262,14.465099758143996,-14.465099758143996,5
prospective_final,aldol,repulsive_fps,64,80,80.0,0.1560090702947845,1.0,0.0238095238095238,0.3247023809523809,14.374285524600047,-14.374285524600047,5
prospective_final,aldol,uncertainty_diversity,64,80,80.0,0.1680272108843537,0.8583333333333333,0.0253968253968254,0.3463492063492063,14.63418423364673,-14.63418423364673,5
prospective_final,aldol,cvt,128,80,80.0,0.073469387755102,0.6,0.1457875457875458,1.988177655677656,19.3793191990099,-19.3793191990099,5
prospective_final,aldol,weighted_itr_cvt,128,80,80.0,0.0643990929705215,0.6166666666666667,0.142002442002442,1.9365583028083029,19.31759977679112,-19.31759977679112,5
prospective_final,aldol,fps,128,80,80.0,0.1281179138321995,1.0,0.0246642246642246,0.3363583638583639,19.3652937219798,-19.3652937219798,5
prospective_final,aldol,kennard_stone,128,80,80.0,0.1383219954648526,1.0,0.0258852258852258,0.353009768009768,19.42017452260258,-19.42017452260258,5
prospective_final,aldol,ward,128,80,80.0,0.1079365079365079,0.75,0.1224664224664224,1.6701358363858363,19.540261025172256,-19.540261025172256,5
prospective_final,aldol,repulsive_fps,128,80,80.0,0.1342403628117913,1.0,0.0247863247863247,0.3380235042735043,19.416607979181915,-19.416607979181915,5
prospective_final,aldol,cvt,full,80,80.0,0.0521541950113378,0.5458333333333333,0.1927960927960928,2.6292567155067155,33.62331830984736,-33.62331830984736,5
prospective_final,aldol,weighted_itr_cvt,full,80,80.0,0.0551020408163265,0.5625,0.182051282051282,2.482724358974359,33.58497408606126,-33.58497408606126,5
prospective_final,aldol,ward,full,80,80.0,0.0866213151927437,0.5041666666666667,0.1482295482295482,2.021480463980464,33.70215049275647,-33.70215049275647,5
prospective_final,aldol,random,tanimoto,80,80.0,0.0666666666666666,0.5416666666666666,0.0748175182481751,1.020323905109489,0.4853431165555851,-0.4853431165555851,5
prospective_final,aldol,cvt,tanimoto,80,80.0,0.1020408163265306,0.5,0.1167883211678832,1.5927007299270073,0.5095278946147024,-0.5095278946147024,5
prospective_final,aldol,weighted_itr_cvt,tanimoto,80,80.0,0.1020408163265306,0.5,0.1167883211678832,1.5927007299270073,0.5095278946147024,-0.5095278946147024,5
prospective_final,aldol,fps,tanimoto,80,80.0,0.1360544217687075,0.875,0.0328467153284671,0.4479470802919707,0.5093955708449198,-0.5093955708449198,5
prospective_final,aldol,ward,tanimoto,80,80.0,0.1020408163265306,0.5,0.1167883211678832,1.5927007299270073,0.5095278946147024,-0.5095278946147024,5
prospective_final,aldol,repulsive_fps,tanimoto,80,80.0,0.0952380952380952,0.875,0.0364963503649635,0.4977189781021897,0.5136671715562038,-0.5136671715562038,5
prospective_final,aldol,uncertainty,tanimoto,80,80.0,0.1768707482993197,0.5375,0.0546228710462287,0.744919403892944,0.5292959974394935,-0.5292959974394935,5
prospective_final,aldol,uncertainty_diversity,tanimoto,80,80.0,0.1802721088435374,0.5166666666666667,0.0521897810218978,0.7117381386861313,0.5286251555974345,-0.5286251555974345,5
prospective_final,buchwald_hartwig,random,2,120,120.0,0.0300104566050888,1.0,0.0291578629640808,0.9609945668578328,0.0017442165137114,-0.0017442165137114,5
prospective_final,buchwald_hartwig,fps,2,120,120.0,0.0278668525618682,1.0,0.0121642016299426,0.4009118120535266,0.0001846013359274,-0.0001846013359274,5
prospective_final,buchwald_hartwig,uncertainty,2,120,120.0,0.0315266643429766,0.93125,0.0209326894053727,0.6899065549854111,0.0029531855519922,-0.0029531855519922,5
prospective_final,buchwald_hartwig,uncertainty_diversity,2,120,120.0,0.030289299407459,0.9375,0.0201780863265922,0.6650360951806017,0.0028705827967563,-0.0028705827967563,5
prospective_final,buchwald_hartwig,cvt,16,120,120.0,0.0321889159986057,1.0,0.0357776463630987,1.17917159471713,1.1854834088751771,-1.1854834088751771,5
prospective_final,buchwald_hartwig,ward,16,120,120.0,0.0326594632276054,1.0,0.0343583678296865,1.1323945397200867,1.1712253303696425,-1.1712253303696425,5
prospective_final,buchwald_hartwig,uncertainty,16,120,120.0,0.0267166260020913,0.95625,0.0385274985215848,1.2698021387739011,2.6545747731142564,-2.6545747731142564,5
prospective_final,buchwald_hartwig,cvt,32,120,120.0,0.0314395259672359,1.0,0.0585513078470824,1.9297535211267605,4.028633587093315,-4.028633587093315,5
prospective_final,buchwald_hartwig,weighted_itr_cvt,32,120,120.0,0.0273788776577204,1.0,0.0612676056338028,2.0192781690140844,4.084184028010739,-4.084184028010739,5
prospective_final,buchwald_hartwig,ward,32,120,120.0,0.0342976646915301,1.0,0.0359657947686116,1.1853726525821595,4.218136462648889,-4.218136462648889,5
prospective_final,cobalt,random,2,24,24.0,0.3948571428571428,0.905,0.36,0.9,0.5723808499255402,-0.5723808499255402,5
prospective_final,cobalt,fps,2,24,24.0,0.3714285714285714,1.0,0.0666666666666666,0.1666666666666666,0.342333370690383,-0.342333370690383,5
prospective_final,cobalt,random,8,24,24.0,0.3897142857142857,0.905,0.4093333333333333,1.0233333333333332,3.666971173823736,-3.666971173823736,5
prospective_final,cobalt,cvt,8,24,24.0,0.3794285714285714,1.0,0.304,0.76,2.5658683535163807,-2.5658683535163807,5
prospective_final,cobalt,uncertainty,8,24,24.0,0.4022857142857143,0.915,0.3386666666666666,0.8466666666666666,3.600784221531285,-3.600784221531285,5
prospective_final,cobalt,uncertainty_diversity,8,24,24.0,0.4085714285714286,0.95,0.2906666666666667,0.7266666666666666,3.213213129711347,-3.213213129711347,5
prospective_final,cobalt,random,16,24,24.0,0.3948571428571428,0.82,0.3933333333333333,0.9833333333333332,6.650462291461428,-6.650462291461428,5
prospective_final,cobalt,weighted_itr_cvt,16,24,24.0,0.3908571428571429,1.0,0.3013333333333333,0.7533333333333333,4.509237361597206,-4.509237361597206,5
prospective_final,cobalt,ward,16,24,24.0,0.396,1.0,0.368,0.92,4.600566140177069,-4.600566140177069,5
prospective_final,cobalt,cvt,full,24,24.0,0.3388571428571428,0.98,0.4066666666666666,1.0166666666666666,14.195501577249535,-14.195501577249535,5
prospective_final,cobalt,weighted_itr_cvt,full,24,24.0,0.352,0.96,0.4106666666666667,1.0266666666666666,14.190088493034027,-14.190088493034027,5
prospective_final,cobalt,random,tanimoto,24,24.0,0.3417142857142857,0.8,0.455,1.1375,0.3717431307876531,-0.3717431307876531,5
prospective_final,cobalt,cvt,tanimoto,24,24.0,0.3714285714285714,1.0,0.375,0.9375,0.3674147522213584,-0.3674147522213584,5
prospective_final,cobalt,weighted_itr_cvt,tanimoto,24,24.0,0.3714285714285714,1.0,0.375,0.9375,0.3674147522213584,-0.3674147522213584,5
prospective_final,cobalt,fps,tanimoto,24,24.0,0.4285714285714285,1.0,0.1875,0.46875,0.3442726934073177,-0.3442726934073177,5
prospective_final,cobalt,ward,tanimoto,24,24.0,0.3714285714285714,1.0,0.375,0.9375,0.3674147522213584,-0.3674147522213584,5
prospective_final,cobalt,repulsive_fps,tanimoto,24,24.0,0.4571428571428571,1.0,0.25,0.625,0.3525195341038686,-0.3525195341038686,5
prospective_final,cobalt,uncertainty,tanimoto,24,24.0,0.4519999999999999,0.855,0.3675,0.9187499999999998,0.361707900864706,-0.361707900864706,5
prospective_final,cobalt,uncertainty_diversity,tanimoto,24,24.0,0.4685714285714285,0.895,0.3575,0.8937499999999998,0.3552051307832626,-0.3552051307832626,5
prospective_final,suzuki_miyaura,cvt,2,120,120.0,0.0251282051282051,0.98125,0.0208333333333333,1.0,0.0,-0.0,5
prospective_final,suzuki_miyaura,fps,2,120,120.0,0.0279217273954116,0.63125,0.0208333333333333,1.0,6.622738308376735e-10,-6.622738308376735e-10,5
prospective_final,suzuki_miyaura,kennard_stone,2,120,120.0,0.0285560053981106,0.63125,0.0208333333333333,1.0,7.527194271519318e-10,-7.527194271519318e-10,5
prospective_final,suzuki_miyaura,ward,2,120,120.0,0.0189203778677462,1.0,0.0208333333333333,1.0,0.0,-0.0,5
prospective_final,suzuki_miyaura,repulsive_fps,2,120,120.0,0.0278407557354925,0.86875,0.0208333333333333,1.0,1.0467014835428291e-09,-1.0467014835428291e-09,5
prospective_final,suzuki_miyaura,random,16,120,120.0,0.0214304993252361,1.0,0.0213835534213685,1.0264105642256902,2.429773801008262,-2.429773801008262,5
prospective_final,suzuki_miyaura,cvt,16,120,120.0,0.0223886639676113,1.0,0.0220438175270108,1.0581032412965186,2.6856700714039685,-2.6856700714039685,5
prospective_final,suzuki_miyaura,weighted_itr_cvt,16,120,120.0,0.0175033738191632,1.0,0.023859543817527,1.1452581032412965,2.2796292490921086,-2.2796292490921086,5
prospective_final,suzuki_miyaura,fps,16,120,120.0,0.023940620782726,1.0,0.011359543817527,0.5452581032412965,2.70624542921615,-2.70624542921615,5
prospective_final,suzuki_miyaura,kennard_stone,16,120,120.0,0.0258839406207827,1.0,0.0082382953181272,0.395438175270108,3.192324674732369,-3.192324674732369,5
prospective_final,suzuki_miyaura,cvt,32,120,120.0,0.0227395411605937,1.0,0.0226237905520774,1.0859419464997155,5.093887802401194,-5.093887802401194,5
prospective_final,suzuki_miyaura,ward,32,120,120.0,0.0210931174089068,1.0,0.0246158224245873,1.1815594763801935,5.042989669623864,-5.042989669623864,5
prospective_final,suzuki_miyaura,uncertainty,32,120,120.0,0.0200269905533063,1.0,0.0252703471826977,1.2129766647694935,5.170250653308293,-5.170250653308293,5
prospective_final,suzuki_miyaura,uncertainty_diversity,32,120,120.0,0.0202564102564102,1.0,0.0223676721684689,1.0736482640865113,5.020247721932229,-5.020247721932229,5
static_boundary,aldol,fps,2,40,40.0,0.0768707482993197,0.7375,0.0032967032967032,0.0899175824175824,0.8389483748850856,-0.8389483748850856,5
static_boundary,aldol,kennard_stone,2,40,40.0,0.0816326530612244,0.75,0.0,0.0,0.854793707951735,-0.854793707951735,5
static_boundary,aldol,ward,2,40,40.0,0.0748299319727891,0.75,0.0146520146520146,0.3996336996336996,0.4395001943742204,-0.4395001943742204,5
static_boundary,aldol,cvt,64,40,40.0,0.0394557823129251,0.6,0.0329670329670329,0.8991758241758241,14.586072833237711,-14.586072833237711,5
static_boundary,aldol,weighted_itr_cvt,64,40,40.0,0.0401360544217687,0.4875,0.0681318681318681,1.8582967032967035,15.274963083996614,-15.274963083996614,5
static_boundary,aldol,fps,64,40,40.0,0.0952380952380952,1.0,0.0025641025641025,0.0699358974358974,21.870162681927685,-21.870162681927685,5
static_boundary,aldol,ward,64,40,40.0,0.0408163265306122,0.625,0.0256410256410256,0.6993589743589744,14.608840053729232,-14.608840053729232,5
static_boundary,aldol,cvt,128,40,40.0,0.0374149659863945,0.55,0.0413919413919413,1.1289652014652014,20.30237280749852,-20.30237280749852,5
static_boundary,aldol,weighted_itr_cvt,128,40,40.0,0.0346938775510204,0.5125,0.0732600732600732,1.9981684981684984,20.58036745085009,-20.58036745085009,5
static_boundary,aldol,ward,128,40,40.0,0.0408163265306122,0.75,0.0293040293040293,0.7992673992673993,20.34342414224624,-20.34342414224624,5
static_boundary,aldol,weighted_itr_cvt,full,40,40.0,0.0333333333333333,0.5,0.0956043956043956,2.6076098901098903,35.19665116746197,-35.19665116746197,5
static_boundary,aldol,ward,full,40,40.0,0.0476190476190476,0.625,0.0293040293040293,0.7992673992673993,35.20039456247706,-35.20039456247706,5
static_boundary,aldol,random,tanimoto,40,40.0,0.0312925170068027,0.3875,0.0364963503649635,0.9954379562043796,0.544203331076402,-0.544203331076402,5
static_boundary,aldol,cvt,tanimoto,40,40.0,0.0612244897959183,0.5,0.0328467153284671,0.8958941605839413,0.5449079494987177,-0.5449079494987177,5
static_boundary,aldol,weighted_itr_cvt,tanimoto,40,40.0,0.0544217687074829,0.5,0.0547445255474452,1.4931569343065694,0.5551446310853032,-0.5551446310853032,5
static_boundary,aldol,ward,tanimoto,40,40.0,0.0612244897959183,0.5,0.0328467153284671,0.8958941605839413,0.5449079494987177,-0.5449079494987177,5
static_boundary,cobalt_condition1,random,2,12,12.0,0.2085714285714285,0.525,0.1966666666666666,0.9833333333333334,2.3707929608848417,-2.3707929608848417,5
static_boundary,cobalt_condition1,kennard_stone,2,12,12.0,0.1714285714285714,1.0,0.0666666666666666,0.3333333333333333,1.0515986603189538,-1.0515986603189538,5
static_boundary,cobalt_condition1,random,8,12,12.0,0.2071428571428571,0.35,0.2233333333333333,1.1166666666666667,7.139740191981284,-7.139740191981284,5
static_boundary,cobalt_condition1,cvt,8,12,12.0,0.1914285714285714,1.0,0.0833333333333333,0.4166666666666666,4.361796647612854,-4.361796647612854,5
static_boundary,cobalt_condition1,weighted_itr_cvt,8,12,12.0,0.18,1.0,0.1233333333333333,0.6166666666666666,4.489974771846825,-4.489974771846825,5
static_boundary,cobalt_condition1,weighted_itr_cvt,16,12,12.0,0.1628571428571428,0.975,0.1466666666666666,0.7333333333333333,8.89826765190448,-8.89826765190448,5
static_boundary,cobalt_condition1,fps,16,12,12.0,0.2028571428571428,1.0,0.02,0.1,14.941560723814144,-14.941560723814144,5
static_boundary,cobalt_condition1,ward,16,12,12.0,0.2,1.0,0.0666666666666666,0.3333333333333333,8.482318345386094,-8.482318345386094,5
static_boundary,cobalt_condition1,weighted_itr_cvt,full,12,12.0,0.1771428571428571,0.7625,0.1833333333333333,0.9166666666666666,19.8825149635514,-19.8825149635514,5
static_boundary,cobalt_condition1,fps,full,12,12.0,0.2114285714285714,1.0,0.0233333333333333,0.1166666666666666,25.72611409744369,-25.72611409744369,5
static_boundary,cobalt_condition1,random,tanimoto,12,12.0,0.1914285714285714,0.725,0.19375,0.96875,0.5437293727088492,-0.5437293727088492,5
static_boundary,cobalt_condition1,weighted_itr_cvt,tanimoto,12,12.0,0.1714285714285714,0.75,0.25,1.25,0.4913591468428002,-0.4913591468428002,5
static_boundary,cobalt_condition1,fps,tanimoto,12,12.0,0.2142857142857142,0.875,0.11875,0.59375,0.5517425538016217,-0.5517425538016217,5
static_boundary,cobalt_condition1,kennard_stone,tanimoto,12,12.0,0.2,1.0,0.0625,0.3125,0.5594577933368808,-0.5594577933368808,5
static_boundary,cobalt_condition1,repulsive_fps,tanimoto,12,12.0,0.2028571428571428,0.825,0.1625,0.8125,0.5581636692082916,-0.5581636692082916,5
static_boundary,cobalt_threshold1,random,2,12,12.0,0.2085714285714285,0.525,0.1966666666666666,0.9833333333333334,2.3707929608848417,-2.3707929608848417,5
static_boundary,cobalt_threshold1,kennard_stone,2,12,12.0,0.1714285714285714,1.0,0.0666666666666666,0.3333333333333333,1.0515986603189538,-1.0515986603189538,5
static_boundary,cobalt_threshold1,random,8,12,12.0,0.2071428571428571,0.35,0.2233333333333333,1.1166666666666667,7.139740191981284,-7.139740191981284,5
static_boundary,cobalt_threshold1,cvt,8,12,12.0,0.1914285714285714,1.0,0.0833333333333333,0.4166666666666666,4.361796647612854,-4.361796647612854,5
static_boundary,cobalt_threshold1,weighted_itr_cvt,8,12,12.0,0.18,1.0,0.1233333333333333,0.6166666666666666,4.489974771846825,-4.489974771846825,5
static_boundary,cobalt_threshold1,weighted_itr_cvt,16,12,12.0,0.1628571428571428,0.975,0.1466666666666666,0.7333333333333333,8.89826765190448,-8.89826765190448,5
static_boundary,cobalt_threshold1,fps,16,12,12.0,0.2028571428571428,1.0,0.02,0.1,14.941560723814144,-14.941560723814144,5
static_boundary,cobalt_threshold1,ward,16,12,12.0,0.2,1.0,0.0666666666666666,0.3333333333333333,8.482318345386094,-8.482318345386094,5
static_boundary,cobalt_threshold1,weighted_itr_cvt,full,12,12.0,0.1771428571428571,0.7625,0.1833333333333333,0.9166666666666666,19.8825149635514,-19.8825149635514,5
static_boundary,cobalt_threshold1,fps,full,12,12.0,0.2114285714285714,1.0,0.0233333333333333,0.1166666666666666,25.72611409744369,-25.72611409744369,5
static_boundary,cobalt_threshold1,random,tanimoto,12,12.0,0.1914285714285714,0.725,0.19375,0.96875,0.5437293727088492,-0.5437293727088492,5
static_boundary,cobalt_threshold1,weighted_itr_cvt,tanimoto,12,12.0,0.1714285714285714,0.75,0.25,1.25,0.4913591468428002,-0.4913591468428002,5
static_boundary,cobalt_threshold1,fps,tanimoto,12,12.0,0.2142857142857142,0.875,0.11875,0.59375,0.5517425538016217,-0.5517425538016217,5
static_boundary,cobalt_threshold1,kennard_stone,tanimoto,12,12.0,0.2,1.0,0.0625,0.3125,0.5594577933368808,-0.5594577933368808,5
static_boundary,cobalt_threshold1,repulsive_fps,tanimoto,12,12.0,0.2028571428571428,0.825,0.1625,0.8125,0.5581636692082916,-0.5581636692082916,5
static_boundary,cobalt_threshold30,random,2,12,12.0,0.2083333333333333,0.525,0.1966666666666666,0.9833333333333334,2.3707929608848417,-2.3707929608848417,5
static_boundary,cobalt_threshold30,kennard_stone,2,12,12.0,0.1666666666666666,1.0,0.0666666666666666,0.3333333333333333,1.0515986603189538,-1.0515986603189538,5
static_boundary,cobalt_threshold30,random,8,12,12.0,0.2069444444444444,0.35,0.2333333333333333,1.1666666666666663,7.139740191981284,-7.139740191981284,5
static_boundary,cobalt_threshold30,cvt,8,12,12.0,0.1861111111111111,1.0,0.0833333333333333,0.4166666666666666,4.361796647612854,-4.361796647612854,5
static_boundary,cobalt_threshold30,weighted_itr_cvt,8,12,12.0,0.175,1.0,0.1233333333333333,0.6166666666666666,4.489974771846825,-4.489974771846825,5
static_boundary,cobalt_threshold30,weighted_itr_cvt,16,12,12.0,0.1583333333333333,0.975,0.1466666666666666,0.7333333333333333,8.89826765190448,-8.89826765190448,5
static_boundary,cobalt_threshold30,ward,16,12,12.0,0.1944444444444444,1.0,0.0666666666666666,0.3333333333333333,8.482318345386094,-8.482318345386094,5
static_boundary,cobalt_threshold30,weighted_itr_cvt,full,12,12.0,0.175,0.9375,0.1833333333333333,0.9166666666666666,19.8825149635514,-19.8825149635514,5
static_boundary,cobalt_threshold30,random,tanimoto,12,12.0,0.1916666666666666,0.725,0.19375,0.96875,0.5437293727088492,-0.5437293727088492,5
static_boundary,cobalt_threshold30,weighted_itr_cvt,tanimoto,12,12.0,0.1666666666666666,0.75,0.25,1.25,0.4913591468428002,-0.4913591468428002,5
static_boundary,cobalt_threshold30,fps,tanimoto,12,12.0,0.2166666666666666,0.875,0.11875,0.59375,0.5517425538016217,-0.5517425538016217,5
static_boundary,cobalt_threshold30,kennard_stone,tanimoto,12,12.0,0.2222222222222222,1.0,0.0625,0.3125,0.5594577933368808,-0.5594577933368808,5
static_boundary,cobalt_threshold30,repulsive_fps,tanimoto,12,12.0,0.2069444444444444,0.825,0.153125,0.765625,0.556277646345387,-0.556277646345387,5
static_boundary,cobalt_threshold50,random,2,12,12.0,0.2056818181818181,0.4125,0.1966666666666666,0.9833333333333332,2.3707929608848417,-2.3707929608848417,5
static_boundary,cobalt_threshold50,ward,2,12,12.0,0.2045454545454545,1.0,0.1333333333333333,0.6666666666666666,0.7153376660609491,-0.7153376660609491,5
static_boundary,cobalt_threshold50,random,8,12,12.0,0.2102272727272727,0.3875,0.2333333333333333,1.1666666666666663,7.139740191981284,-7.139740191981284,5
static_boundary,cobalt_threshold50,cvt,16,12,12.0,0.2204545454545454,1.0,0.0966666666666666,0.4833333333333333,8.534144721850776,-8.534144721850776,5
static_boundary,cobalt_threshold50,weighted_itr_cvt,16,12,12.0,0.1977272727272727,1.0,0.1466666666666666,0.7333333333333333,8.89716595866014,-8.89716595866014,5
static_boundary,cobalt_threshold50,fps,16,12,12.0,0.2284090909090909,1.0,0.02,0.1,14.941560723814144,-14.941560723814144,5
static_boundary,cobalt_threshold50,weighted_itr_cvt,full,12,12.0,0.1931818181818181,0.9375,0.18,0.9,19.85736909576708,-19.85736909576708,5
static_boundary,cobalt_threshold50,fps,full,12,12.0,0.234090909090909,1.0,0.0233333333333333,0.1166666666666666,25.72611409744369,-25.72611409744369,5
static_boundary,cobalt_threshold50,random,tanimoto,12,12.0,0.1931818181818181,0.85,0.2,1.0,0.5437293727088492,-0.5437293727088492,5
static_boundary,cobalt_threshold50,weighted_itr_cvt,tanimoto,12,12.0,0.1818181818181818,1.0,0.3333333333333333,1.6666666666666663,0.4913591468428002,-0.4913591468428002,5
static_boundary,cobalt_threshold50,fps,tanimoto,12,12.0,0.2147727272727272,1.0,0.0866666666666666,0.4333333333333333,0.5517425538016217,-0.5517425538016217,5
static_boundary,cobalt_threshold50,kennard_stone,tanimoto,12,12.0,0.2272727272727272,1.0,0.0666666666666666,0.3333333333333333,0.5594577933368808,-0.5594577933368808,5
static_boundary,cobalt_threshold50,repulsive_fps,tanimoto,12,12.0,0.2125,1.0,0.11,0.55,0.5535008976963192,-0.5535008976963192,5
