method,dimension,metric,n_repeats,effective_dim,explained_variance_ratio_mean,reference_exact_recall_mean,reference_exact_recall_std,reference_exact_recall_ci_low,reference_exact_recall_ci_high,sample_reference_hit_rate_mean,sample_reference_hit_rate_std,sample_reference_hit_rate_ci_low,sample_reference_hit_rate_ci_high,reference_mean_nearest_sample_distance_mean,reference_mean_nearest_sample_distance_std,reference_mean_nearest_sample_distance_ci_low,reference_mean_nearest_sample_distance_ci_high,reference_median_nearest_sample_distance_mean,reference_median_nearest_sample_distance_std,reference_median_nearest_sample_distance_ci_low,reference_median_nearest_sample_distance_ci_high,coverage_radius_mean,coverage_radius_std,coverage_radius_ci_low,coverage_radius_ci_high,max_coverage_radius_mean,max_coverage_radius_std,max_coverage_radius_ci_low,max_coverage_radius_ci_high,mean_sample_nn_distance_mean,mean_sample_nn_distance_std,mean_sample_nn_distance_ci_low,mean_sample_nn_distance_ci_high,reference_coverage_q10_mean,reference_coverage_q10_std,reference_coverage_q10_ci_low,reference_coverage_q10_ci_high,reference_enrichment_q10_mean,reference_enrichment_q10_std,reference_enrichment_q10_ci_low,reference_enrichment_q10_ci_high,reference_cluster_coverage_q10_mean,reference_cluster_coverage_q10_std,reference_cluster_coverage_q10_ci_low,reference_cluster_coverage_q10_ci_high,reference_coverage_q25_mean,reference_coverage_q25_std,reference_coverage_q25_ci_low,reference_coverage_q25_ci_high,reference_enrichment_q25_mean,reference_enrichment_q25_std,reference_enrichment_q25_ci_low,reference_enrichment_q25_ci_high,reference_cluster_coverage_q25_mean,reference_cluster_coverage_q25_std,reference_cluster_coverage_q25_ci_low,reference_cluster_coverage_q25_ci_high
random,2,euclidean,20,2,0.03821004413177751,0.0,0.0,0.0,0.0,0.0,0.0,0.0,0.0,1.2638913391171067,0.21939787770473,1.1729827504590555,1.360087144640872,1.214703556327318,0.2673838819849557,1.0954827575738006,1.329203003995921,1.758088525516468,0.21712453970274223,1.6655918305734732,1.8556218764802535,12.635406426411176,3.8779098652089097,11.075221763073415,14.232174597581562,1.8733512137406556,0.4806854767414468,1.674856838591104,2.0948657151373125,0.05277777777777778,0.05548240798524749,0.030555555555555558,0.07777777777777778,0.5277777777777777,0.5548240798524748,0.3055555555555555,0.7777777777777777,0.1333333333333333,0.1279619826583191,0.08333333333333333,0.18333333333333335,0.2,0.11736770717475652,0.15,0.25,0.8,0.46947082869902607,0.6111111111111109,1.0,0.3916666666666666,0.19701723141310307,0.3083333333333333,0.475
cvt,2,euclidean,20,2,0.03821004413177751,0.0,0.0,0.0,0.0,0.0,0.0,0.0,0.0,1.0087491028798157,0.0493217111945927,0.9868388439048196,1.0287888071698195,1.0066561612331364,0.07341506036700668,0.9755180867866979,1.0361446627702675,1.0812150542635233,0.012775887252770459,1.076020396203333,1.0869734369776716,6.469451488661505,0.2702848617252624,6.3586216502863,6.586784921513263,3.2761230102885635,0.1257104965826456,3.228034275598165,3.3307250648024813,0.0638888888888889,0.03726779962499649,0.04722222222222222,0.07784722222222186,0.6388888888888887,0.3726779962499649,0.4722222222222222,0.7784722222222183,0.19166666666666665,0.11180339887498947,0.14166666666666666,0.24166666666666664,0.20833333333333331,0.05944020862647989,0.18611111111111106,0.2361111111111111,0.8333333333333333,0.23776083450591956,0.7441666666666665,0.9444444444444444,0.4333333333333333,0.12565617248750865,0.38333333333333325,0.4833333333333333
scopemap_hd,2,euclidean,20,2,0.03821004413177751,0.0,0.0,0.0,0.0,0.0,0.0,0.0,0.0,1.288085482386692,0.13848872908377718,1.2284286071754225,1.3465654543021104,1.2795077155667551,0.13638446000750834,1.2218435886658419,1.3376103386768943,1.4183361305382804,0.04972176181900884,1.3982232719925174,1.4415168849110327,8.479469097368938,1.8225036628030615e-15,8.479469097368938,8.479469097368938,1.46798445673106,0.13583789410915856,1.4120963311566275,1.5249105974908175,0.11111111111111112,0.050981274193458166,0.08888888888888889,0.13333333333333333,1.1111111111111112,0.5098127419345817,0.888888888888889,1.334027777777774,0.29166666666666663,0.11939173323522982,0.24166666666666664,0.3416666666666667,0.18611111111111114,0.07271536540836286,0.15555555555555556,0.2166666666666667,0.7444444444444446,0.29086146163345145,0.6333333333333332,0.8666666666666666,0.4083333333333333,0.12652577575270804,0.3583333333333333,0.4666666666666666
fps,2,euclidean,20,2,0.03821004413177751,0.0,0.0,0.0,0.0,0.0,0.0,0.0,0.0,1.8995246018672038,0.2579777693732634,1.790363416308365,2.011716666875301,1.9515625334675115,0.26458309962716287,1.8452037387685725,2.063810544124885,1.982402791500188,0.11327568765351423,1.9370868597204576,2.032709286756751,4.065164488916535,0.16381501076037436,3.9934946333021633,4.129629024629628,4.937063749837366,0.10810766229668095,4.892751128361779,4.983598453166722,0.1333333333333333,0.08903496768733687,0.09993055555555555,0.1722916666666663,1.3333333333333335,0.8903496768733687,0.9722222222222221,1.722222222222222,0.24999999999999994,0.12681431837544704,0.19999999999999996,0.3083333333333333,0.2972222222222222,0.08695819912499182,0.2611111111111111,0.3361111111111111,1.1888888888888889,0.3478327964999673,1.0555555555555554,1.3333333333333333,0.4749999999999999,0.1241933033950991,0.425,0.525
kennard_stone,2,euclidean,20,2,0.03821004413177751,0.0,0.0,0.0,0.0,0.0,0.0,0.0,0.0,2.0008652557000977,4.556259157007654e-16,2.0008652557000977,2.0008652557000977,1.8374133106275878,4.556259157007654e-16,1.8374133106275878,1.8374133106275878,1.9358404481666285,4.556259157007654e-16,1.9358404481666285,1.9358404481666285,4.129860956621139,1.8225036628030615e-15,4.129860956621139,4.129860956621139,4.988696073816104,9.112518314015307e-16,4.988696073816104,4.988696073816104,0.05555555555555556,7.119154932824459e-18,0.05555555555555556,0.05555555555555556,0.5555555555555555,0.0,0.5555555555555555,0.5555555555555555,0.16666666666666663,2.8476619731297836e-17,0.16666666666666663,0.16666666666666663,0.2777777777777778,0.0,0.2777777777777778,0.2777777777777778,1.1111111111111112,0.0,1.1111111111111112,1.1111111111111112,0.6666666666666665,1.1390647892519134e-16,0.6666666666666665,0.6666666666666665
ward,2,euclidean,20,2,0.03821004413177751,0.0,0.0,0.0,0.0,0.0,0.0,0.0,0.0,1.1581013101661835,2.278129578503827e-16,1.1581013101661835,1.1581013101661835,1.2644742476725104,0.0,1.2644742476725104,1.2644742476725104,1.124284374766281,2.278129578503827e-16,1.124284374766281,1.124284374766281,5.952545277383091,9.112518314015307e-16,5.952545277383091,5.952545277383091,3.5064282927160506,0.0,3.5064282927160506,3.5064282927160506,0.05555555555555556,7.119154932824459e-18,0.05555555555555556,0.05555555555555556,0.5555555555555555,0.0,0.5555555555555555,0.5555555555555555,0.16666666666666663,2.8476619731297836e-17,0.16666666666666663,0.16666666666666663,0.22222222222222224,2.8476619731297836e-17,0.22222222222222224,0.22222222222222224,0.888888888888889,1.1390647892519134e-16,0.888888888888889,0.888888888888889,0.5,0.0,0.5,0.5
random,64,euclidean,20,64,0.3432949342867421,0.0,0.0,0.0,0.0,0.0,0.0,0.0,0.0,17.391810126957942,1.5258305806428518,16.709700937594462,18.015480645452538,16.442618933682517,1.5934919801482579,15.717117066622162,17.07981546403299,18.168308391224997,0.40771895961461,18.009781393368648,18.349470179560182,50.10219201384028,0.8187861015463573,49.76541880242027,50.45320122411867,18.070596238303544,2.1088961320035473,17.201337807714665,18.965753245785486,0.10277777777777779,0.07491602402871034,0.07777777777777778,0.14166666666666666,1.0277777777777775,0.7491602402871035,0.7770833333333331,1.3888888888888888,0.175,0.06567241047103435,0.14999999999999997,0.2,0.19722222222222224,0.1305695525655962,0.15277777777777776,0.2611111111111111,0.788888888888889,0.5222782102623847,0.6,1.0444444444444445,0.2416666666666667,0.11438879019220995,0.19999999999999996,0.29166666666666663
cvt,64,euclidean,20,64,0.3432949342867421,0.0,0.0,0.0,0.0,0.0,0.0,0.0,0.0,14.547943096671005,0.3697792197132004,14.399199796268306,14.70636412705975,14.57386903312987,0.854556795432338,14.198363640678124,14.92588352098232,15.604149584005246,0.10332040083906052,15.558532461081493,15.64594055881987,50.472258780268305,0.5203258599833014,50.26654445128859,50.699967523318804,20.065712677514544,1.2454219088956848,19.51002923160147,20.57295636410208,0.11388888888888889,0.02835654364078002,0.10277777777777777,0.125,1.1388888888888888,0.2835654364078002,1.0000000000000002,1.2500000000000002,0.16666666666666663,2.8476619731297836e-17,0.16666666666666663,0.16666666666666663,0.1972222222222222,0.02835654364078002,0.18611111111111106,0.20833333333333334,0.7888888888888888,0.11342617456312008,0.7333333333333332,0.8333333333333334,0.33333333333333326,5.695323946259567e-17,0.33333333333333326,0.33333333333333326
scopemap_hd,64,euclidean,20,64,0.3432949342867421,0.0,0.0,0.0,0.0,0.0,0.0,0.0,0.0,14.61910192507536,0.7052371950491028,14.33331779263164,14.93055572159273,13.7309662606316,0.22022018028113693,13.64096300656305,13.820969514700149,16.402891422059177,0.11360852733967787,16.355275095246437,16.452419717593234,50.08204634926114,0.29180839990783475,49.962183820920735,50.21380423467613,9.565600992180784,1.540072012242177,8.934778924176642,10.256357924929675,0.11944444444444444,0.020352641585140177,0.11111111111111112,0.1277777777777778,1.1944444444444442,0.2035264158514018,1.111111111111111,1.277777777777778,0.16666666666666663,2.8476619731297836e-17,0.16666666666666663,0.16666666666666663,0.2444444444444444,0.05526238435053778,0.21944444444444447,0.26944444444444443,0.9777777777777776,0.2210495374021511,0.8888888888888887,1.0777777777777777,0.33333333333333326,5.695323946259567e-17,0.33333333333333326,0.33333333333333326
fps,64,euclidean,20,64,0.3432949342867421,0.0,0.0,0.0,0.0,0.0,0.0,0.0,0.0,25.499548559905325,4.774187727181177,23.517475315483342,27.729265095774036,24.97790287867457,5.177436850426637,22.814595803833654,27.312646593409532,25.11367549725825,4.55769301163975,23.26547851765897,27.082972756643784,40.415323494513096,2.4583894252800893,39.36467357585273,41.48813940143312,44.92308421859622,2.6241138888666145,43.82194912340183,46.06422680347848,0.08055555555555557,0.07534844334311107,0.05,0.1138888888888889,0.8055555555555556,0.7534844334311106,0.4999999999999999,1.1388888888888888,0.14166666666666666,0.11180339887498947,0.09166666666666667,0.19166666666666665,0.2,0.11169437554445213,0.15555555555555556,0.25555555555555554,0.8,0.44677750217780854,0.6333333333333333,1.0111111111111108,0.3166666666666667,0.18653504131242177,0.2416666666666667,0.4
kennard_stone,64,euclidean,20,64,0.3432949342867421,0.0,0.0,0.0,0.0,0.0,0.0,0.0,0.0,34.15782812555083,7.290014651212246e-15,34.15782812555083,34.15782812555083,34.34710445941235,7.290014651212246e-15,34.34710445941235,34.34710445941235,33.273518671631216,2.6164247223097563e-10,33.273518671512875,33.27351867174012,45.42533742078742,7.290014651212246e-15,45.42533742078742,45.42533742078742,49.325807081819576,0.0,49.325807081819576,49.325807081819576,0.05555555555555556,7.119154932824459e-18,0.05555555555555556,0.05555555555555556,0.5555555555555555,0.0,0.5555555555555555,0.5555555555555555,0.16666666666666663,2.8476619731297836e-17,0.16666666666666663,0.16666666666666663,0.16666666666666663,2.8476619731297836e-17,0.16666666666666663,0.16666666666666663,0.6666666666666665,1.1390647892519134e-16,0.6666666666666665,0.6666666666666665,0.5,0.0,0.5,0.5
ward,64,euclidean,20,64,0.3432949342867421,0.0,0.0,0.0,0.0,0.0,0.0,0.0,0.0,14.384723693281979,1.8225036628030615e-15,14.384723693281979,14.384723693281979,13.573460566011637,3.645007325606123e-15,13.573460566011637,13.573460566011637,15.73799001543882,1.8225036628030615e-15,15.73799001543882,15.73799001543882,50.28437429856067,7.290014651212246e-15,50.28437429856067,50.28437429856067,22.15362874177847,7.290014651212246e-15,22.15362874177847,22.15362874177847,0.05555555555555556,7.119154932824459e-18,0.05555555555555556,0.05555555555555556,0.5555555555555555,0.0,0.5555555555555555,0.5555555555555555,0.16666666666666663,2.8476619731297836e-17,0.16666666666666663,0.16666666666666663,0.2777777777777778,0.0,0.2777777777777778,0.2777777777777778,1.1111111111111112,0.0,1.1111111111111112,1.1111111111111112,0.33333333333333326,5.695323946259567e-17,0.33333333333333326,0.33333333333333326
random,128,euclidean,20,128,0.4905292902210848,0.0,0.0,0.0,0.0,0.0,0.0,0.0,0.0,21.607356571590415,2.2837871913143943,20.615230001665658,22.540767210570962,20.7675799062306,2.208856480222611,19.76077170055331,21.625253167860947,23.55305575928234,0.504886112159547,23.350563170656333,23.79239732652821,56.39153751962677,0.8157149179388473,56.01863624755134,56.749002197568586,23.74029676125202,2.3765611915316778,22.69956333324934,24.767019091793358,0.17777777777777776,0.11052476870107555,0.13333333333333336,0.23055555555555554,1.7777777777777775,1.1052476870107555,1.3333333333333335,2.2777777777777777,0.22499999999999995,0.09785715810206663,0.19166666666666662,0.27499999999999997,0.2888888888888889,0.14928897976803893,0.22777777777777777,0.35555555555555557,1.1555555555555557,0.5971559190721557,0.9111111111111111,1.4111111111111112,0.275,0.1241933033950991,0.225,0.325
cvt,128,euclidean,20,128,0.4905292902210848,0.0,0.0,0.0,0.0,0.0,0.0,0.0,0.0,19.03389506285644,0.9485469289316014,18.590829607525812,19.327113462788187,19.859178405682137,0.9942908514693597,19.394999891576397,20.110707664472564,20.70503733481443,0.09572103880543494,20.661519790803112,20.74525101229191,56.66962436907287,0.0934102431756707,56.63287666017677,56.713692599402826,22.838412927114103,1.563620622738909,22.176465522608765,23.518498022540957,0.11944444444444444,0.027186693607199604,0.11111111111111112,0.13333333333333336,1.1944444444444442,0.27186693607199597,1.111111111111111,1.3333333333333333,0.17499999999999996,0.037267799624996496,0.16666666666666663,0.19166666666666665,0.2861111111111111,0.05185011136037386,0.2694444444444445,0.3111111111111111,1.1444444444444444,0.20740044544149544,1.077777777777778,1.2444444444444445,0.33333333333333326,5.695323946259567e-17,0.33333333333333326,0.33333333333333326
scopemap_hd,128,euclidean,20,128,0.4905292902210848,0.0,0.0,0.0,0.0,0.0,0.0,0.0,0.0,19.60489080707004,0.612572488858432,19.337867296924184,19.868987102463965,19.567097375256534,0.361405621708599,19.42808310938243,19.72855154581383,21.418903978242216,0.12927551590237607,21.36605045595171,21.47452219736094,56.51106913698915,0.10129961889907868,56.47188935250322,56.55460851697179,10.088723987309653,1.7488239646787878,9.317973120014997,10.810499001317396,0.11111111111111112,1.4238309865648918e-17,0.11111111111111112,0.11111111111111112,1.111111111111111,0.0,1.111111111111111,1.111111111111111,0.16666666666666663,2.8476619731297836e-17,0.16666666666666663,0.16666666666666663,0.2777777777777778,0.0,0.2777777777777778,0.2777777777777778,1.1111111111111112,0.0,1.1111111111111112,1.1111111111111112,0.33333333333333326,5.695323946259567e-17,0.33333333333333326,0.33333333333333326
fps,128,euclidean,20,128,0.4905292902210848,0.0,0.0,0.0,0.0,0.0,0.0,0.0,0.0,30.848455647195046,5.7202720746283795,28.509671149444163,33.4292452563308,30.133360819330925,6.050728656360709,27.53303353146941,32.58287611730113,31.122715623190725,5.289750028725489,28.95633718782581,33.430200212594464,47.39783631697212,3.0788754117309067,46.04661524489998,48.77362636472766,51.67513637307117,2.833972201563812,50.42383881967222,52.89949116320672,0.07222222222222223,0.04451748384366843,0.05277777777777778,0.09166666666666666,0.7222222222222221,0.44517483843668426,0.5277777777777777,0.888888888888889,0.14166666666666666,0.08156008082159881,0.10833333333333332,0.175,0.20555555555555555,0.09383186267756417,0.16944444444444445,0.25000000000000006,0.8222222222222222,0.3753274507102567,0.6777777777777777,1.011111111111111,0.23333333333333334,0.11342617456312008,0.19166666666666662,0.2833333333333333
kennard_stone,128,euclidean,20,128,0.4905292902210848,0.0,0.0,0.0,0.0,0.0,0.0,0.0,0.0,41.81988395551313,7.290014651212246e-15,41.81988395551313,41.81988395551313,41.792378695215646,7.290014651212246e-15,41.792378695215646,41.792378695215646,41.61714564997315,3.3839999257500983e-10,41.617145649829205,41.61714565011711,55.11359522571947,0.0,55.11359522571947,55.11359522571947,58.09485970985433,1.4580029302424492e-14,58.09485970985433,58.09485970985433,0.05555555555555556,7.119154932824459e-18,0.05555555555555556,0.05555555555555556,0.5555555555555555,0.0,0.5555555555555555,0.5555555555555555,0.16666666666666663,2.8476619731297836e-17,0.16666666666666663,0.16666666666666663,0.16666666666666663,2.8476619731297836e-17,0.16666666666666663,0.16666666666666663,0.6666666666666665,1.1390647892519134e-16,0.6666666666666665,0.6666666666666665,0.33333333333333326,5.695323946259567e-17,0.33333333333333326,0.33333333333333326
ward,128,euclidean,20,128,0.4905292902210848,0.0,0.0,0.0,0.0,0.0,0.0,0.0,0.0,19.62374615712917,3.645007325606123e-15,19.62374615712917,19.62374615712917,20.11821536178973,3.645007325606123e-15,20.11821536178973,20.11821536178973,20.87270944705397,0.0,20.87270944705397,20.87270944705397,56.359437259371944,7.290014651212246e-15,56.359437259371944,56.359437259371944,25.104813246962458,0.0,25.104813246962458,25.104813246962458,0.11111111111111112,1.4238309865648918e-17,0.11111111111111112,0.11111111111111112,1.111111111111111,0.0,1.111111111111111,1.111111111111111,0.16666666666666663,2.8476619731297836e-17,0.16666666666666663,0.16666666666666663,0.2777777777777778,0.0,0.2777777777777778,0.2777777777777778,1.1111111111111112,0.0,1.1111111111111112,1.1111111111111112,0.33333333333333326,5.695323946259567e-17,0.33333333333333326,0.33333333333333326
random,full,euclidean,20,1191,1.0,0.0,0.0,0.0,0.0,0.0,0.0,0.0,0.0,37.22018370648188,1.5589398466204314,36.55033604482165,37.90451831580571,37.70371596052048,1.3367509097076227,37.11491350210515,38.300072983630514,38.386241461664625,1.1078615267594347,37.922055310459044,38.85074186020688,69.54987895339136,0.7127476342224996,69.27006493068713,69.86309293131615,38.15418148816925,2.6008516056750635,37.04857922269806,39.275704897101775,0.1861111111111111,0.048616332217523366,0.16666666666666666,0.20833333333333331,1.8611111111111107,0.48616332217523356,1.6666666666666667,2.083333333333333,0.2166666666666667,0.07836039099693787,0.1833333333333333,0.25,0.3666666666666667,0.06598087816406238,0.3388888888888889,0.3944444444444445,1.4666666666666668,0.2639235126562495,1.3555555555555556,1.577777777777778,0.3499999999999999,0.051298917604257706,0.33333333333333326,0.37499999999999994
cvt,full,euclidean,20,1191,1.0,0.0,0.0,0.0,0.0,0.0,0.0,0.0,0.0,31.75634542754609,1.1237961385142912,31.24238186517438,32.18422782497752,33.03011463056026,0.8623176814920854,32.61437388654275,33.33616601004501,33.93622889730152,0.11316091953614081,33.89005183379228,33.986408507531046,67.09429044312127,0.0,67.09429044312127,67.09429044312127,24.25632880838227,2.495565033178651,23.162142450239305,25.319436523778144,0.1833333333333333,0.0512989176042577,0.16666666666666663,0.20833333333333331,1.8333333333333333,0.512989176042577,1.6666666666666667,2.083333333333333,0.1833333333333333,0.0512989176042577,0.16666666666666663,0.20833333333333331,0.3055555555555556,0.03823595564509362,0.28888888888888886,0.32222222222222224,1.2222222222222223,0.15294382258037448,1.1666666666666665,1.288888888888889,0.33333333333333326,5.695323946259567e-17,0.33333333333333326,0.33333333333333326
scopemap_hd,full,euclidean,20,1191,1.0,0.0,0.0,0.0,0.0,0.0,0.0,0.0,0.0,32.46092498993944,0.4797256491700987,32.25434082133303,32.66539044220819,33.196435037612915,0.5689714406946972,32.93138895975689,33.39141837485329,34.18035871670936,0.09120981380083786,34.14250625395672,34.21884036464588,67.09429044312127,0.0,67.09429044312127,67.09429044312127,14.108430023534018,2.7606766645536407,13.018093187481112,15.35070155135586,0.16944444444444443,0.01242259987499883,0.16666666666666663,0.175,1.6944444444444442,0.12422599874998828,1.6666666666666667,1.75,0.17499999999999996,0.037267799624996496,0.16666666666666663,0.19166666666666665,0.32499999999999996,0.027186693607199598,0.3138194444444444,0.3361111111111111,1.2999999999999998,0.10874677442879839,1.2555555555555553,1.3444444444444443,0.33333333333333326,5.695323946259567e-17,0.33333333333333326,0.33333333333333326
fps,full,euclidean,20,1191,1.0,0.0,0.0,0.0,0.0,0.0,0.0,0.0,0.0,46.33748095717211,5.589889189201418,43.89976271169145,48.890570260497924,46.510537821800135,5.228976420110929,44.373771401704964,48.70969061274985,47.089221681264,5.455237049737412,44.611292995696274,49.341393127337454,61.376516883271506,3.5989464711184618,59.891314578051805,62.92339442572091,65.28233660431653,3.112030150973946,63.954451042182285,66.59757732895173,0.2444444444444444,0.060858061945018464,0.21944444444444441,0.27222222222222225,2.444444444444444,0.6085806194501846,2.194444444444444,2.7222222222222223,0.29166666666666663,0.07404360971988655,0.2583333333333333,0.3166666666666666,0.40555555555555556,0.040705283170280354,0.38888888888888895,0.4222222222222222,1.6222222222222222,0.16282113268112142,1.5555555555555558,1.6888888888888889,0.3416666666666666,0.0372677996249965,0.33333333333333326,0.3583333333333333
kennard_stone,full,euclidean,20,1191,1.0,0.0,0.0,0.0,0.0,0.0,0.0,0.0,0.0,57.42156745367036,0.0,57.42156745367036,57.42156745367036,56.82109772125212,7.290014651212246e-15,56.82109772125212,56.82109772125212,57.81094278219515,7.290014651212246e-15,57.81094278219515,57.81094278219515,69.00374087755708,1.4580029302424492e-14,69.00374087755708,69.00374087755708,71.43673224681787,0.0,71.43673224681787,71.43673224681787,0.16666666666666663,2.8476619731297836e-17,0.16666666666666663,0.16666666666666663,1.6666666666666667,2.278129578503827e-16,1.6666666666666667,1.6666666666666667,0.16666666666666663,2.8476619731297836e-17,0.16666666666666663,0.16666666666666663,0.38888888888888895,5.695323946259567e-17,0.38888888888888895,0.38888888888888895,1.5555555555555558,2.278129578503827e-16,1.5555555555555558,1.5555555555555558,0.33333333333333326,5.695323946259567e-17,0.33333333333333326,0.33333333333333326
ward,full,euclidean,20,1191,1.0,0.0,0.0,0.0,0.0,0.0,0.0,0.0,0.0,28.50205304923565,0.0,28.50205304923565,28.50205304923565,30.55430629412266,7.290014651212246e-15,30.55430629412266,30.55430629412266,33.67690326934595,7.290014651212246e-15,33.67690326934595,33.67690326934595,67.09429044312127,0.0,67.09429044312127,67.09429044312127,32.04563969599553,0.0,32.04563969599553,32.04563969599553,0.33333333333333326,5.695323946259567e-17,0.33333333333333326,0.33333333333333326,3.3333333333333335,4.556259157007654e-16,3.3333333333333335,3.3333333333333335,0.33333333333333326,5.695323946259567e-17,0.33333333333333326,0.33333333333333326,0.38888888888888895,5.695323946259567e-17,0.38888888888888895,0.38888888888888895,1.5555555555555558,2.278129578503827e-16,1.5555555555555558,1.5555555555555558,0.33333333333333326,5.695323946259567e-17,0.33333333333333326,0.33333333333333326
random,tanimoto,tanimoto,20,1191,1.0,0.0,0.0,0.0,0.0,0.0,0.0,0.0,0.0,0.6376798757807892,0.04124978835243856,0.6201766360606913,0.6545484724126431,0.6431028047624858,0.0445892327502526,0.623367625412182,0.6597233003020232,0.6372660860463109,0.00945485274376263,0.6331819832825076,0.6413024279741203,0.8461325252409623,0.011467569053449015,0.8412941077181609,0.8512307883433702,0.6541506248778829,0.020929745818125126,0.644949373324524,0.6628919383662512,0.1,0.12435669420828119,0.05,0.15555555555555553,1.0,1.243566942082812,0.4999999999999999,1.5833333333333333,0.12499999999999997,0.11939173323522982,0.075,0.175,0.21666666666666665,0.18284091232618832,0.1472222222222222,0.30277777777777776,0.8666666666666666,0.7313636493047533,0.5886111111111111,1.177777777777778,0.26666666666666666,0.15672078199387576,0.2,0.3333333333333333
cvt,tanimoto,tanimoto,20,1191,1.0,0.0,0.0,0.0,0.0,0.0,0.0,0.0,0.0,0.6202456191384546,1.1390647892519134e-16,0.6202456191384546,0.6202456191384546,0.6785785123966941,1.1390647892519134e-16,0.6785785123966941,0.6785785123966941,0.6168996921724541,1.1390647892519134e-16,0.6168996921724541,0.6168996921724541,0.8208955223880597,0.0,0.8208955223880597,0.8208955223880597,0.7307647569510008,1.1390647892519134e-16,0.7307647569510008,0.7307647569510008,0.11111111111111112,1.4238309865648918e-17,0.11111111111111112,0.11111111111111112,1.111111111111111,0.0,1.111111111111111,1.111111111111111,0.33333333333333326,5.695323946259567e-17,0.33333333333333326,0.33333333333333326,0.16666666666666663,2.8476619731297836e-17,0.16666666666666663,0.16666666666666663,0.6666666666666665,1.1390647892519134e-16,0.6666666666666665,0.6666666666666665,0.5,0.0,0.5,0.5
scopemap_hd,tanimoto,tanimoto,20,1191,1.0,0.0,0.0,0.0,0.0,0.0,0.0,0.0,0.0,0.6435138267568518,0.0,0.6435138267568518,0.6435138267568518,0.7045573770491804,1.1390647892519134e-16,0.7045573770491804,0.7045573770491804,0.6510732562783706,1.1390647892519134e-16,0.6510732562783706,0.6510732562783706,0.8400000000000001,1.1390647892519134e-16,0.8400000000000001,0.8400000000000001,0.12573757022645196,2.8476619731297836e-17,0.12573757022645196,0.12573757022645196,0.05555555555555556,7.119154932824459e-18,0.05555555555555556,0.05555555555555556,0.5555555555555555,0.0,0.5555555555555555,0.5555555555555555,0.16666666666666663,2.8476619731297836e-17,0.16666666666666663,0.16666666666666663,0.22222222222222224,2.8476619731297836e-17,0.22222222222222224,0.22222222222222224,0.888888888888889,1.1390647892519134e-16,0.888888888888889,0.888888888888889,0.5,0.0,0.5,0.5
fps,tanimoto,tanimoto,20,1191,1.0,0.0,0.0,0.0,0.0,0.0,0.0,0.0,0.0,0.6470185593361325,0.04715002428046857,0.6269769418288643,0.6668369763672245,0.6713120231206778,0.04320840594207846,0.6520761674319787,0.6897072139308417,0.6797800347204223,0.009411190980591365,0.6758968914949678,0.6841077856197655,0.8047306245885316,0.003229438212438869,0.8034012321074195,0.8060964749869456,0.8201449735938956,0.0031728388892381058,0.8186989799433567,0.8213952808543493,0.18333333333333332,0.1551582227085438,0.12222222222222219,0.25555555555555554,1.8333333333333333,1.5515822270854378,1.222222222222222,2.527777777777778,0.275,0.1354546168145415,0.2166666666666667,0.3416666666666667,0.4027777777777778,0.18633899812498247,0.32500000000000007,0.486111111111111,1.6111111111111112,0.7453559924999299,1.3000000000000003,1.9444444444444442,0.525,0.1354546168145415,0.4666666666666666,0.5833333333333333
kennard_stone,tanimoto,tanimoto,20,1191,1.0,0.0,0.0,0.0,0.0,0.0,0.0,0.0,0.0,0.6606501291110276,1.1390647892519134e-16,0.6606501291110276,0.6606501291110276,0.6999336319893812,0.0,0.6999336319893812,0.6999336319893812,0.6888158291178209,1.1390647892519134e-16,0.6888158291178209,0.6888158291178209,0.8125,0.0,0.8125,0.8125,0.8233315722734424,0.0,0.8233315722734424,0.8233315722734424,0.11111111111111112,1.4238309865648918e-17,0.11111111111111112,0.11111111111111112,1.111111111111111,0.0,1.111111111111111,1.111111111111111,0.16666666666666663,2.8476619731297836e-17,0.16666666666666663,0.16666666666666663,0.38888888888888895,5.695323946259567e-17,0.38888888888888895,0.38888888888888895,1.5555555555555558,2.278129578503827e-16,1.5555555555555558,1.5555555555555558,0.5,0.0,0.5,0.5
ward,tanimoto,tanimoto,20,1191,1.0,0.0,0.0,0.0,0.0,0.0,0.0,0.0,0.0,0.6202456191384546,1.1390647892519134e-16,0.6202456191384546,0.6202456191384546,0.6785785123966941,1.1390647892519134e-16,0.6785785123966941,0.6785785123966941,0.6168996921724541,1.1390647892519134e-16,0.6168996921724541,0.6168996921724541,0.8208955223880597,0.0,0.8208955223880597,0.8208955223880597,0.7307647569510008,1.1390647892519134e-16,0.7307647569510008,0.7307647569510008,0.11111111111111112,1.4238309865648918e-17,0.11111111111111112,0.11111111111111112,1.111111111111111,0.0,1.111111111111111,1.111111111111111,0.33333333333333326,5.695323946259567e-17,0.33333333333333326,0.33333333333333326,0.16666666666666663,2.8476619731297836e-17,0.16666666666666663,0.16666666666666663,0.6666666666666665,1.1390647892519134e-16,0.6666666666666665,0.6666666666666665,0.5,0.0,0.5,0.5
